747.5574, 641.8163, 73.46459, 0.4034309, 0.6842391, 73.46459, True, Projectile, 0
1042.776, 550.9832, 62.01163, 0.5627502, 0.5874022, 62.01163, True, Projectile, 1
1044.21, 552.0389, 61.80272, 0.5635238, 0.5885276, 61.80272, False, Projectile, 2
1045.647, 553.0688, 61.59665, 0.5642998, 0.5896256, 61.59665, False, Projectile, 3
1047.089, 554.0725, 61.39339, 0.5650779, 0.5906956, 61.39339, False, Projectile, 4
1048.535, 555.0497, 61.19297, 0.5658582, 0.5917374, 61.19297, False, Projectile, 5
1049.985, 555.9999, 60.99536, 0.5666405, 0.5927504, 60.99536, False, Projectile, 6
1051.438, 556.9227, 60.80059, 0.5674248, 0.5937343, 60.80059, False, Projectile, 7
1052.895, 557.8179, 60.60863, 0.5682109, 0.5946885, 60.60863, False, Projectile, 8
1054.355, 558.6848, 60.4195, 0.5689989, 0.5956128, 60.4195, False, Projectile, 9
1055.818, 559.5233, 60.23319, 0.5697883, 0.5965067, 60.23319, False, Projectile, 10
1057.284, 560.3328, 60.04971, 0.5705795, 0.5973697, 60.04971, False, Projectile, 11
1058.753, 561.113, 59.86906, 0.5713722, 0.5982015, 59.86906, False, Projectile, 12
1060.224, 561.8636, 59.69123, 0.5721661, 0.5990017, 59.69123, False, Projectile, 13
1061.698, 562.5841, 59.51622, 0.5729614, 0.5997698, 59.51622, False, Projectile, 14
1063.173, 563.2742, 59.34404, 0.5737579, 0.6005056, 59.34404, False, Projectile, 15
1064.651, 563.9336, 59.17467, 0.5745555, 0.6012085, 59.17467, False, Projectile, 16
1066.131, 564.5618, 59.00814, 0.575354, 0.6018782, 59.00814, False, Projectile, 17
1067.612, 565.1585, 58.84444, 0.5761535, 0.6025144, 58.84444, False, Projectile, 18
1069.095, 565.7234, 58.68355, 0.5769535, 0.6031166, 58.68355, False, Projectile, 19
1070.579, 566.2561, 58.52549, 0.5777544, 0.6036845, 58.52549, False, Projectile, 20
1072.064, 566.7563, 58.37025, 0.5785557, 0.6042178, 58.37025, False, Projectile, 21
1073.549, 567.2237, 58.21785, 0.5793574, 0.6047161, 58.21785, False, Projectile, 22
1075.036, 567.6577, 58.06826, 0.5801595, 0.6051788, 58.06826, False, Projectile, 23
1076.522, 568.0585, 57.92149, 0.5809618, 0.605606, 57.92149, False, Projectile, 24
1078.009, 568.4253, 57.77757, 0.5817641, 0.6059971, 57.77757, False, Projectile, 25
1079.495, 568.758, 57.63645, 0.5825664, 0.6063518, 57.63645, False, Projectile, 26
1080.982, 569.0563, 57.49816, 0.5833685, 0.6066698, 57.49816, False, Projectile, 27
1082.468, 569.3199, 57.3627, 0.5841704, 0.6069508, 57.3627, False, Projectile, 28
1083.953, 569.5484, 57.23006, 0.5849718, 0.6071945, 57.23006, False, Projectile, 29
1085.437, 569.7417, 57.10024, 0.5857728, 0.6074005, 57.10024, False, Projectile, 30
1086.92, 569.8995, 56.97325, 0.5865731, 0.6075687, 56.97325, False, Projectile, 31
1088.401, 570.0214, 56.84909, 0.5873727, 0.6076987, 56.84909, False, Projectile, 32
1089.881, 570.1073, 56.72775, 0.5881713, 0.6077903, 56.72775, False, Projectile, 33
1091.359, 570.1568, 56.60923, 0.5889689, 0.607843, 56.60923, False, Projectile, 34
1092.835, 570.1699, 56.49354, 0.5897654, 0.607857, 56.49354, False, Projectile, 35
1094.309, 570.1462, 56.38068, 0.5905606, 0.6078318, 56.38068, False, Projectile, 36
1095.78, 570.0854, 56.27063, 0.5913544, 0.6077669, 56.27063, False, Projectile, 37
1097.248, 569.9875, 56.16341, 0.5921468, 0.6076626, 56.16341, False, Projectile, 38
1098.713, 569.8521, 56.05902, 0.5929374, 0.6075183, 56.05902, False, Projectile, 39
1100.175, 569.6792, 55.95745, 0.5937263, 0.6073339, 55.95745, False, Projectile, 40
1101.633, 569.4685, 55.85871, 0.5945132, 0.6071093, 55.85871, False, Projectile, 41
1103.088, 569.2199, 55.76279, 0.5952982, 0.6068442, 55.76279, False, Projectile, 42
1104.538, 568.9332, 55.66969, 0.596081, 0.6065386, 55.66969, False, Projectile, 43
1105.984, 568.6083, 55.57942, 0.5968614, 0.6061922, 55.57942, False, Projectile, 44
1107.426, 568.2449, 55.49198, 0.5976394, 0.6058049, 55.49198, False, Projectile, 45
1108.863, 567.8431, 55.40736, 0.5984148, 0.6053765, 55.40736, False, Projectile, 46
1110.295, 567.4027, 55.32556, 0.5991876, 0.6049069, 55.32556, False, Projectile, 47
1111.721, 566.9235, 55.24659, 0.5999575, 0.6043961, 55.24659, False, Projectile, 48
1113.143, 566.4056, 55.17044, 0.6007245, 0.6038439, 55.17044, False, Projectile, 49
1114.558, 565.8487, 55.09712, 0.6014884, 0.6032502, 55.09712, False, Projectile, 50
1115.968, 565.2529, 55.02662, 0.6022491, 0.602615, 55.02662, False, Projectile, 51
1117.371, 564.618, 54.95895, 0.6030065, 0.6019382, 54.95895, False, Projectile, 52
1118.768, 563.9441, 54.8941, 0.6037604, 0.6012197, 54.8941, False, Projectile, 53
1120.158, 563.2311, 54.83207, 0.6045106, 0.6004596, 54.83207, False, Projectile, 54
1121.542, 562.4789, 54.77287, 0.6052572, 0.5996577, 54.77287, False, Projectile, 55
1122.918, 561.6877, 54.71649, 0.6059999, 0.5988142, 54.71649, False, Projectile, 56
1124.287, 560.8572, 54.66294, 0.6067386, 0.5979288, 54.66294, False, Projectile, 57
1125.648, 559.9877, 54.61221, 0.6074732, 0.5970019, 54.61221, False, Projectile, 58
1127.001, 559.0791, 54.56432, 0.6082035, 0.5960332, 54.56432, False, Projectile, 59
1128.347, 558.1314, 54.51924, 0.6089296, 0.5950228, 54.51924, False, Projectile, 60
1129.683, 557.1447, 54.47698, 0.6096511, 0.5939709, 54.47698, False, Projectile, 61
1131.012, 556.1191, 54.43755, 0.610368, 0.5928775, 54.43755, False, Projectile, 62
1132.332, 555.0546, 54.40095, 0.6110802, 0.5917426, 54.40095, False, Projectile, 63
1133.642, 553.9513, 54.36717, 0.6117875, 0.5905664, 54.36717, False, Projectile, 64
1134.944, 552.8093, 54.33622, 0.6124899, 0.589349, 54.33622, False, Projectile, 65
1136.236, 551.6288, 54.30809, 0.6131871, 0.5880904, 54.30809, False, Projectile, 66
1137.518, 550.4099, 54.28278, 0.6138792, 0.5867909, 54.28278, False, Projectile, 67
1138.791, 549.1525, 54.26031, 0.614566, 0.5854505, 54.26031, False, Projectile, 68
1140.053, 547.8571, 54.24065, 0.6152473, 0.5840694, 54.24065, False, Projectile, 69
1141.306, 546.5236, 54.22382, 0.6159231, 0.5826478, 54.22382, False, Projectile, 70
1142.547, 545.1523, 54.20981, 0.6165932, 0.5811859, 54.20981, False, Projectile, 71
1143.778, 543.7435, 54.19862, 0.6172576, 0.5796838, 54.19862, False, Projectile, 72
1144.998, 542.2971, 54.19027, 0.617916, 0.5781419, 54.19027, False, Projectile, 73
1146.208, 540.8135, 54.18473, 0.6185685, 0.5765603, 54.18473, False, Projectile, 74
1147.405, 539.2929, 54.18202, 0.619215, 0.5749391, 54.18202, False, Projectile, 75
1148.592, 537.7355, 54.18214, 0.6198552, 0.5732788, 54.18214, False, Projectile, 76
1149.767, 536.1417, 54.18508, 0.6204892, 0.5715796, 54.18508, False, Projectile, 77
1150.929, 534.5114, 54.19085, 0.6211168, 0.5698416, 54.19085, False, Projectile, 78
1152.08, 532.8452, 54.19943, 0.6217379, 0.5680652, 54.19943, False, Projectile, 79
1153.219, 531.1432, 54.21085, 0.6223524, 0.5662508, 54.21085, False, Projectile, 80
1154.345, 529.4058, 54.22509, 0.6229603, 0.5643985, 54.22509, False, Projectile, 81
1155.459, 527.6333, 54.24215, 0.6235614, 0.5625088, 54.24215, False, Projectile, 82
1156.56, 525.8259, 54.26204, 0.6241556, 0.5605819, 54.26204, False, Projectile, 83
1157.649, 523.9839, 54.28475, 0.624743, 0.5586183, 54.28475, False, Projectile, 84
1158.724, 522.1078, 54.31028, 0.6253233, 0.5566182, 54.31028, False, Projectile, 85
1159.786, 520.1979, 54.33865, 0.6258966, 0.5545819, 54.33865, False, Projectile, 86
1160.835, 518.2544, 54.36983, 0.6264627, 0.55251, 54.36983, False, Projectile, 87
1161.871, 516.2778, 54.40384, 0.6270215, 0.5504028, 54.40384, False, Projectile, 88
1162.893, 514.2685, 54.44068, 0.627573, 0.5482606, 54.44068, False, Projectile, 89
1163.901, 512.2267, 54.48034, 0.6281171, 0.5460839, 54.48034, False, Projectile, 90
1164.895, 510.153, 54.52282, 0.6286538, 0.5438731, 54.52282, False, Projectile, 91
1165.876, 508.0476, 54.56813, 0.6291829, 0.5416285, 54.56813, False, Projectile, 92
1166.842, 505.9111, 54.61626, 0.6297045, 0.5393508, 54.61626, False, Projectile, 93
1167.795, 503.7437, 54.66722, 0.6302184, 0.5370402, 54.66722, False, Projectile, 94
1168.733, 501.546, 54.721, 0.6307246, 0.5346972, 54.721, False, Projectile, 95
1169.656, 499.3184, 54.77761, 0.6312231, 0.5323223, 54.77761, False, Projectile, 96
1170.565, 497.0612, 54.83704, 0.6317137, 0.529916, 54.83704, False, Projectile, 97
1171.46, 494.775, 54.89929, 0.6321965, 0.5274787, 54.89929, False, Projectile, 98
1172.34, 492.4602, 54.96437, 0.6326713, 0.5250109, 54.96437, False, Projectile, 99
1173.205, 490.1173, 55.03228, 0.6331382, 0.5225131, 55.03228, False, Projectile, 100
1174.056, 487.7467, 55.10301, 0.6335971, 0.5199858, 55.10301, False, Projectile, 101
1174.891, 485.3488, 55.17656, 0.634048, 0.5174295, 55.17656, False, Projectile, 102
1175.711, 482.9243, 55.25294, 0.6344908, 0.5148447, 55.25294, False, Projectile, 103
1176.517, 480.4734, 55.33215, 0.6349255, 0.5122318, 55.33215, False, Projectile, 104
1177.307, 477.9969, 55.41417, 0.635352, 0.5095916, 55.41417, False, Projectile, 105
1178.082, 475.495, 55.49902, 0.6357703, 0.5069243, 55.49902, False, Projectile, 106
1179.221, 475.6292, 55.40611, 0.6363849, 0.5070674, 55.40611, False, Projectile, 107
1180.097, 475.3085, 55.35901, 0.6368573, 0.5067255, 55.35901, False, Projectile, 108
1180.916, 474.8981, 55.32123, 0.6372997, 0.5062879, 55.32123, False, Projectile, 109
1181.704, 474.4811, 55.28629, 0.6377246, 0.5058434, 55.28629, False, Projectile, 110
1182.465, 474.0732, 55.25278, 0.6381356, 0.5054085, 55.25278, False, Projectile, 111
1183.21, 473.6735, 55.22012, 0.6385374, 0.5049824, 55.22012, False, Projectile, 112
1183.938, 473.2823, 55.18823, 0.6389304, 0.5045654, 55.18823, False, Projectile, 113
1184.65, 472.8997, 55.15707, 0.6393148, 0.5041575, 55.15707, False, Projectile, 114
1185.347, 472.5254, 55.12661, 0.6396909, 0.5037584, 55.12661, False, Projectile, 115
1186.029, 472.1591, 55.09686, 0.6400588, 0.503368, 55.09686, False, Projectile, 116
1186.696, 471.801, 55.06778, 0.6404188, 0.5029861, 55.06778, False, Projectile, 117
1187.348, 471.4506, 55.03937, 0.6407707, 0.5026126, 55.03937, False, Projectile, 118
1187.986, 471.1079, 55.01161, 0.6411151, 0.5022472, 55.01161, False, Projectile, 119
1188.61, 470.7726, 54.98448, 0.6414518, 0.5018898, 54.98448, False, Projectile, 120
1189.221, 470.4448, 54.95798, 0.6417812, 0.5015402, 54.95798, False, Projectile, 121
1189.818, 470.1241, 54.93208, 0.6421034, 0.5011984, 54.93208, False, Projectile, 122
1190.401, 469.8104, 54.90677, 0.6424185, 0.500864, 54.90677, False, Projectile, 123
1190.973, 469.5036, 54.88203, 0.6427267, 0.5005369, 54.88203, False, Projectile, 124
1191.531, 469.2036, 54.85787, 0.6430281, 0.5002171, 54.85787, False, Projectile, 125
1192.077, 468.9102, 54.83426, 0.6433229, 0.4999042, 54.83426, False, Projectile, 126
1192.612, 468.6232, 54.81118, 0.6436113, 0.4995983, 54.81118, False, Projectile, 127
1193.134, 468.3426, 54.78864, 0.6438932, 0.4992991, 54.78864, False, Projectile, 128
1193.645, 468.0681, 54.76661, 0.6441689, 0.4990065, 54.76661, False, Projectile, 129
1194.145, 467.7997, 54.74508, 0.6444385, 0.4987204, 54.74508, False, Projectile, 130
1194.633, 467.5373, 54.72404, 0.6447022, 0.4984406, 54.72404, False, Projectile, 131
1195.111, 467.2806, 54.70349, 0.64496, 0.498167, 54.70349, False, Projectile, 132
1195.578, 467.0297, 54.6834, 0.6452122, 0.4978994, 54.6834, False, Projectile, 133
1196.035, 466.7843, 54.66378, 0.6454588, 0.4976378, 54.66378, False, Projectile, 134
1196.482, 466.5443, 54.6446, 0.6456999, 0.497382, 54.6446, False, Projectile, 135
1196.919, 466.3096, 54.62586, 0.6459356, 0.4971318, 54.62586, False, Projectile, 136
1197.346, 466.0802, 54.60755, 0.6461661, 0.4968872, 54.60755, False, Projectile, 137
1197.763, 465.8558, 54.58966, 0.6463915, 0.496648, 54.58966, False, Projectile, 138
1198.172, 465.6364, 54.57217, 0.6466119, 0.4964141, 54.57217, False, Projectile, 139
1198.571, 465.422, 54.55509, 0.6468274, 0.4961855, 54.55509, False, Projectile, 140
1198.962, 465.2122, 54.5384, 0.647038, 0.4959619, 54.5384, False, Projectile, 141
1199.343, 465.0072, 54.52209, 0.6472441, 0.4957433, 54.52209, False, Projectile, 142
1199.717, 464.8067, 54.50615, 0.6474455, 0.4955296, 54.50615, False, Projectile, 143
1200.081, 464.6107, 54.49057, 0.6476424, 0.4953206, 54.49057, False, Projectile, 144
1200.438, 464.4191, 54.47536, 0.647835, 0.4951163, 54.47536, False, Projectile, 145
1200.787, 464.2317, 54.46048, 0.6480232, 0.4949165, 54.46048, False, Projectile, 146
1201.128, 464.0485, 54.44595, 0.6482072, 0.4947212, 54.44595, False, Projectile, 147
1201.461, 463.8694, 54.43176, 0.6483871, 0.4945303, 54.43176, False, Projectile, 148
1201.787, 463.6944, 54.41788, 0.648563, 0.4943437, 54.41788, False, Projectile, 149
1202.106, 463.5232, 54.40432, 0.648735, 0.4941612, 54.40432, False, Projectile, 150
1202.417, 463.3559, 54.39108, 0.6489031, 0.4939828, 54.39108, False, Projectile, 151
1202.722, 463.1922, 54.37813, 0.6490675, 0.4938084, 54.37813, False, Projectile, 152
1203.02, 463.0323, 54.36548, 0.6492282, 0.4936379, 54.36548, False, Projectile, 153
1203.311, 462.876, 54.35312, 0.6493852, 0.4934712, 54.35312, False, Projectile, 154
1203.595, 462.7231, 54.34104, 0.6495388, 0.4933082, 54.34104, False, Projectile, 155
1203.874, 462.5737, 54.32925, 0.649689, 0.493149, 54.32925, False, Projectile, 156
1204.146, 462.4276, 54.31771, 0.6498357, 0.4929932, 54.31771, False, Projectile, 157
1204.411, 462.2849, 54.30644, 0.6499791, 0.492841, 54.30644, False, Projectile, 158
1204.671, 462.1453, 54.29543, 0.6501194, 0.4926922, 54.29543, False, Projectile, 159
1204.925, 462.0089, 54.28468, 0.6502564, 0.4925467, 54.28468, False, Projectile, 160
1205.173, 461.8755, 54.27416, 0.6503904, 0.4924046, 54.27416, False, Projectile, 161
1205.416, 461.7451, 54.26389, 0.6505214, 0.4922656, 54.26389, False, Projectile, 162
1205.653, 461.6176, 54.25385, 0.6506494, 0.4921297, 54.25385, False, Projectile, 163
1205.885, 461.4931, 54.24404, 0.6507746, 0.4919969, 54.24404, False, Projectile, 164
1206.112, 461.3714, 54.23446, 0.6508969, 0.4918671, 54.23446, False, Projectile, 165
1206.333, 461.2523, 54.2251, 0.6510165, 0.4917402, 54.2251, False, Projectile, 166
1206.55, 461.136, 54.21595, 0.6511333, 0.4916162, 54.21595, False, Projectile, 167
1206.762, 461.0223, 54.20701, 0.6512476, 0.491495, 54.20701, False, Projectile, 168
1206.969, 460.9112, 54.19828, 0.6513592, 0.4913766, 54.19828, False, Projectile, 169
1207.171, 460.8026, 54.18974, 0.6514683, 0.4912607, 54.18974, False, Projectile, 170
1207.368, 460.6964, 54.1814, 0.651575, 0.4911476, 54.1814, False, Projectile, 171
1207.562, 460.5926, 54.17326, 0.6516792, 0.4910369, 54.17326, False, Projectile, 172
1207.75, 460.4912, 54.16529, 0.6517811, 0.4909288, 54.16529, False, Projectile, 173
1207.935, 460.392, 54.15751, 0.6518809, 0.4908231, 54.15751, False, Projectile, 174
1208.115, 460.2951, 54.14991, 0.6519781, 0.4907198, 54.14991, False, Projectile, 175
1208.292, 460.2004, 54.14248, 0.6520733, 0.4906188, 54.14248, False, Projectile, 176
1208.464, 460.1078, 54.13522, 0.6521662, 0.4905201, 54.13522, False, Projectile, 177
1208.633, 460.0174, 54.12813, 0.6522572, 0.4904236, 54.12813, False, Projectile, 178
1208.797, 459.9289, 54.1212, 0.652346, 0.4903294, 54.1212, False, Projectile, 179
1208.958, 459.8425, 54.11442, 0.6524329, 0.4902372, 54.11442, False, Projectile, 180
1209.115, 459.758, 54.1078, 0.6525178, 0.4901471, 54.1078, False, Projectile, 181
1209.269, 459.6754, 54.10133, 0.6526008, 0.4900591, 54.10133, False, Projectile, 182
1209.419, 459.5947, 54.09502, 0.6526818, 0.489973, 54.09502, False, Projectile, 183
1209.566, 459.5158, 54.08884, 0.6527611, 0.4898889, 54.08884, False, Projectile, 184
1209.71, 459.4388, 54.08281, 0.6528385, 0.4898068, 54.08281, False, Projectile, 185
1209.85, 459.3634, 54.07692, 0.6529142, 0.4897264, 54.07692, False, Projectile, 186
1209.987, 459.2898, 54.07116, 0.6529883, 0.4896479, 54.07116, False, Projectile, 187
1210.121, 459.2178, 54.06553, 0.6530605, 0.4895712, 54.06553, False, Projectile, 188
1210.252, 459.1475, 54.06003, 0.6531312, 0.4894962, 54.06003, False, Projectile, 189
1210.38, 459.0787, 54.05465, 0.6532003, 0.4894229, 54.05465, False, Projectile, 190
1210.505, 459.0115, 54.0494, 0.6532677, 0.4893513, 54.0494, False, Projectile, 191
1210.627, 458.9458, 54.04427, 0.6533337, 0.4892813, 54.04427, False, Projectile, 192
1210.73, 461.8449, 53.90689, 0.653389, 0.492372, 53.90689, True, Projectile, 193
1210.818, 464.7258, 53.77234, 0.6534365, 0.4954433, 53.77234, False, Projectile, 194
1210.891, 467.5877, 53.64062, 0.6534761, 0.4984944, 53.64062, False, Projectile, 195
1210.95, 470.4303, 53.51172, 0.6535078, 0.5015248, 53.51172, False, Projectile, 196
1210.994, 473.2528, 53.38564, 0.6535316, 0.5045339, 53.38564, False, Projectile, 197
1211.023, 476.0547, 53.26239, 0.6535473, 0.507521, 53.26239, False, Projectile, 198
1211.037, 478.8353, 53.14196, 0.6535549, 0.5104854, 53.14196, False, Projectile, 199
1211.036, 481.5941, 53.02436, 0.6535544, 0.5134266, 53.02436, False, Projectile, 200
1211.02, 484.3306, 52.90958, 0.6535457, 0.516344, 52.90958, False, Projectile, 201
1210.989, 487.0441, 52.79763, 0.6535287, 0.5192367, 52.79763, False, Projectile, 202
1210.942, 489.734, 52.6885, 0.6535035, 0.5221044, 52.6885, False, Projectile, 203
1210.88, 492.3998, 52.5822, 0.6534699, 0.5249465, 52.5822, False, Projectile, 204
1210.802, 495.0408, 52.47872, 0.6534278, 0.5277621, 52.47872, False, Projectile, 205
1210.708, 497.6566, 52.37806, 0.6533774, 0.5305507, 52.37806, False, Projectile, 206
1210.599, 500.2465, 52.28023, 0.6533185, 0.5333118, 52.28023, False, Projectile, 207
1210.474, 502.8099, 52.18523, 0.6532511, 0.5360447, 52.18523, False, Projectile, 208
1210.333, 505.3464, 52.09304, 0.653175, 0.5387488, 52.09304, False, Projectile, 209
1210.177, 507.8553, 52.00369, 0.6530905, 0.5414236, 52.00369, False, Projectile, 210
1210.004, 510.3361, 51.91716, 0.6529973, 0.5440683, 51.91716, False, Projectile, 211
1209.815, 512.7883, 51.83345, 0.6528955, 0.5466826, 51.83345, False, Projectile, 212
1209.61, 515.2112, 51.75256, 0.6527849, 0.5492657, 51.75256, False, Projectile, 213
1209.39, 517.6045, 51.67451, 0.6526657, 0.5518172, 51.67451, False, Projectile, 214
1209.153, 519.9676, 51.59927, 0.6525378, 0.5543364, 51.59927, False, Projectile, 215
1208.899, 522.2997, 51.52686, 0.6524012, 0.5568228, 51.52686, False, Projectile, 216
1208.63, 524.6008, 51.45728, 0.6522558, 0.5592759, 51.45728, False, Projectile, 217
1208.344, 526.8699, 51.39052, 0.6521016, 0.561695, 51.39052, False, Projectile, 218
1208.043, 529.1068, 51.32658, 0.6519388, 0.5640798, 51.32658, False, Projectile, 219
1207.724, 531.3109, 51.26547, 0.6517671, 0.5664296, 51.26547, False, Projectile, 220
1207.39, 533.4817, 51.20718, 0.6515867, 0.5687438, 51.20718, False, Projectile, 221
1207.04, 535.6188, 51.15173, 0.6513975, 0.5710222, 51.15173, False, Projectile, 222
1206.673, 537.7217, 51.09909, 0.6511995, 0.5732641, 51.09909, False, Projectile, 223
1206.29, 539.79, 51.04927, 0.6509928, 0.5754691, 51.04927, False, Projectile, 224
1205.89, 541.8231, 51.00228, 0.6507773, 0.5776366, 51.00228, False, Projectile, 225
1205.475, 543.8207, 50.95812, 0.6505531, 0.5797663, 50.95812, False, Projectile, 226
1205.043, 545.7824, 50.91678, 0.6503201, 0.5818576, 50.91678, False, Projectile, 227
1204.595, 547.7077, 50.87827, 0.6500784, 0.5839101, 50.87827, False, Projectile, 228
1204.131, 549.5962, 50.84258, 0.649828, 0.5859234, 50.84258, False, Projectile, 229
1203.651, 551.4476, 50.80971, 0.649569, 0.5878972, 50.80971, False, Projectile, 230
1203.155, 553.2613, 50.77967, 0.6493013, 0.5898308, 50.77967, False, Projectile, 231
1202.643, 555.0372, 50.75245, 0.649025, 0.591724, 50.75245, False, Projectile, 232
1202.115, 556.7747, 50.72806, 0.6487401, 0.5935764, 50.72806, False, Projectile, 233
1201.572, 558.4737, 50.7065, 0.6484468, 0.5953878, 50.7065, False, Projectile, 234
1201.012, 560.1337, 50.68775, 0.6481449, 0.5971575, 50.68775, False, Projectile, 235
1200.437, 561.7545, 50.67183, 0.6478345, 0.5988854, 50.67183, False, Projectile, 236
1199.847, 563.3356, 50.65874, 0.6475157, 0.600571, 50.65874, False, Projectile, 237
1199.24, 564.8768, 50.64847, 0.6471885, 0.6022141, 50.64847, False, Projectile, 238
1198.619, 566.378, 50.64103, 0.646853, 0.6038145, 50.64103, False, Projectile, 239
1197.982, 567.8386, 50.63641, 0.6465093, 0.6053717, 50.63641, False, Projectile, 240
1197.329, 569.2586, 50.63461, 0.6461573, 0.6068855, 50.63461, False, Projectile, 241
1196.662, 570.6376, 50.63564, 0.6457971, 0.6083557, 50.63564, False, Projectile, 242
1195.98, 571.9755, 50.63949, 0.6454289, 0.609782, 50.63949, False, Projectile, 243
1195.282, 573.272, 50.64617, 0.6450526, 0.6111642, 50.64617, False, Projectile, 244
1194.57, 574.527, 50.65567, 0.6446683, 0.6125021, 50.65567, False, Projectile, 245
1193.844, 575.7401, 50.668, 0.6442763, 0.6137954, 50.668, False, Projectile, 246
1193.103, 576.9114, 50.68315, 0.6438763, 0.6150441, 50.68315, False, Projectile, 247
1192.347, 578.0406, 50.70113, 0.6434686, 0.616248, 50.70113, False, Projectile, 248
1191.578, 579.1275, 50.72193, 0.6430532, 0.6174067, 50.72193, False, Projectile, 249
1190.794, 580.1721, 50.74556, 0.6426302, 0.6185203, 50.74556, False, Projectile, 250
1189.996, 581.1741, 50.77201, 0.6421996, 0.6195886, 50.77201, False, Projectile, 251
1189.184, 582.1336, 50.80128, 0.6417617, 0.6206115, 50.80128, False, Projectile, 252
1188.359, 583.0504, 50.83338, 0.6413165, 0.6215889, 50.83338, False, Projectile, 253
1187.521, 583.9246, 50.8683, 0.6408638, 0.6225209, 50.8683, False, Projectile, 254
1186.669, 584.7559, 50.90605, 0.6404041, 0.6234071, 50.90605, False, Projectile, 255
1185.804, 585.5443, 50.94662, 0.6399373, 0.6242477, 50.94662, False, Projectile, 256
1184.926, 586.2899, 50.99002, 0.6394635, 0.6250426, 50.99002, False, Projectile, 257
1184.035, 586.9926, 51.03625, 0.6389828, 0.6257917, 51.03625, False, Projectile, 258
1183.132, 587.6525, 51.08529, 0.6384954, 0.6264952, 51.08529, False, Projectile, 259
1182.216, 588.2694, 51.13716, 0.6380012, 0.6271529, 51.13716, False, Projectile, 260
1181.288, 588.8436, 51.19186, 0.6375005, 0.627765, 51.19186, False, Projectile, 261
1180.349, 589.3749, 51.24938, 0.6369933, 0.6283314, 51.24938, False, Projectile, 262
1179.397, 589.8635, 51.30972, 0.6364797, 0.6288523, 51.30972, False, Projectile, 263
1178.433, 590.3094, 51.37289, 0.6359598, 0.6293277, 51.37289, False, Projectile, 264
1177.459, 590.7127, 51.43889, 0.6354338, 0.6297577, 51.43889, False, Projectile, 265
1176.473, 591.0735, 51.50771, 0.6349017, 0.6301424, 51.50771, False, Projectile, 266
1175.476, 591.392, 51.57935, 0.6343637, 0.6304819, 51.57935, False, Projectile, 267
1174.468, 591.6683, 51.65382, 0.6338199, 0.6307764, 51.65382, False, Projectile, 268
1173.45, 591.9023, 51.73111, 0.6332703, 0.6310259, 51.73111, False, Projectile, 269
1172.421, 592.0944, 51.81123, 0.6327151, 0.6312307, 51.81123, False, Projectile, 270
1171.382, 592.2448, 51.89417, 0.6321545, 0.631391, 51.89417, False, Projectile, 271
1170.334, 592.3535, 51.97993, 0.6315886, 0.6315069, 51.97993, False, Projectile, 272
1169.275, 592.4207, 52.06852, 0.6310173, 0.6315786, 52.06852, False, Projectile, 273
1168.207, 592.4467, 52.15993, 0.630441, 0.6316063, 52.15993, False, Projectile, 274
1167.13, 592.4316, 52.25418, 0.6298596, 0.6315902, 52.25418, False, Projectile, 275
1166.044, 592.3759, 52.35124, 0.6292734, 0.6315308, 52.35124, False, Projectile, 276
1164.948, 592.2794, 52.45113, 0.6286824, 0.6314279, 52.45113, False, Projectile, 277
1163.845, 592.1427, 52.55384, 0.6280867, 0.6312822, 52.55384, False, Projectile, 278
1162.733, 591.9659, 52.65938, 0.6274866, 0.6310937, 52.65938, False, Projectile, 279
1161.612, 591.7493, 52.76774, 0.626882, 0.6308628, 52.76774, False, Projectile, 280
1160.484, 591.4932, 52.87893, 0.6262733, 0.6305898, 52.87893, False, Projectile, 281
1159.349, 591.1979, 52.99294, 0.6256603, 0.6302749, 52.99294, False, Projectile, 282
1158.205, 590.8636, 53.10978, 0.6250433, 0.6299186, 53.10978, False, Projectile, 283
1157.055, 590.4908, 53.22944, 0.6244226, 0.6295211, 53.22944, False, Projectile, 284
1155.897, 590.0796, 53.35192, 0.6237978, 0.6290827, 53.35192, False, Projectile, 285
1154.733, 589.6305, 53.47723, 0.6231695, 0.6286039, 53.47723, False, Projectile, 286
1153.562, 589.1437, 53.60536, 0.6225377, 0.628085, 53.60536, False, Projectile, 287
1152.385, 588.6196, 53.73632, 0.6219026, 0.6275263, 53.73632, False, Projectile, 288
1151.202, 588.0587, 53.87011, 0.6212641, 0.6269282, 53.87011, False, Projectile, 289
1150.014, 587.4611, 54.00671, 0.6206225, 0.6262912, 54.00671, False, Projectile, 290
1148.819, 586.8273, 54.14615, 0.6199778, 0.6256155, 54.14615, False, Projectile, 291
1147.619, 586.1578, 54.2884, 0.6193303, 0.6249017, 54.2884, False, Projectile, 292
1146.414, 585.4528, 54.43349, 0.6186801, 0.62415, 54.43349, False, Projectile, 293
1145.204, 584.7126, 54.58139, 0.6180271, 0.6233611, 54.58139, False, Projectile, 294
1143.99, 583.938, 54.73212, 0.6173716, 0.6225352, 54.73212, False, Projectile, 295
1142.771, 583.129, 54.88567, 0.6167137, 0.6216727, 54.88567, False, Projectile, 296
1141.547, 582.2862, 55.04206, 0.6160535, 0.6207742, 55.04206, False, Projectile, 297
1140.32, 581.41, 55.20126, 0.6153911, 0.6198401, 55.20126, False, Projectile, 298
1139.089, 580.5009, 55.36329, 0.6147268, 0.6188709, 55.36329, False, Projectile, 299
1137.854, 579.5591, 55.52814, 0.6140605, 0.6178669, 55.52814, False, Projectile, 300
1136.616, 578.5853, 55.69582, 0.6133924, 0.6168286, 55.69582, False, Projectile, 301
1135.375, 577.5797, 55.86632, 0.6127226, 0.6157566, 55.86632, False, Projectile, 302
1134.131, 576.5428, 56.03965, 0.6120512, 0.6146512, 56.03965, False, Projectile, 303
1132.884, 575.4752, 56.2158, 0.6113784, 0.6135129, 56.2158, False, Projectile, 304
1131.635, 574.3773, 56.39478, 0.6107042, 0.6123425, 56.39478, False, Projectile, 305
1130.383, 573.2493, 56.57658, 0.6100288, 0.61114, 56.57658, False, Projectile, 306
1129.13, 572.092, 56.7612, 0.6093524, 0.6099063, 56.7612, False, Projectile, 307
1127.874, 570.9056, 56.94865, 0.6086748, 0.6086414, 56.94865, False, Projectile, 308
1126.617, 569.6908, 57.13892, 0.6079964, 0.6073462, 57.13892, False, Projectile, 309
1125.359, 568.4479, 57.33202, 0.6073172, 0.6060212, 57.33202, False, Projectile, 310
1124.099, 567.1773, 57.52795, 0.6066374, 0.6046667, 57.52795, False, Projectile, 311
1122.838, 565.8796, 57.7267, 0.6059569, 0.6032832, 57.7267, False, Projectile, 312
1121.576, 564.5554, 57.92827, 0.605276, 0.6018714, 57.92827, False, Projectile, 313
1120.314, 563.2048, 58.13267, 0.6045948, 0.6004316, 58.13267, False, Projectile, 314
1119.051, 561.8286, 58.33989, 0.6039132, 0.5989644, 58.33989, False, Projectile, 315
1117.788, 560.4271, 58.54993, 0.6032315, 0.5974703, 58.54993, False, Projectile, 316
1116.525, 559.0009, 58.76281, 0.6025498, 0.5959497, 58.76281, False, Projectile, 317
1115.262, 557.5503, 58.9785, 0.6018682, 0.5944033, 58.9785, False, Projectile, 318
1113.999, 556.0759, 59.19702, 0.6011866, 0.5928314, 59.19702, False, Projectile, 319
1112.736, 554.5781, 59.41836, 0.6005052, 0.5912347, 59.41836, False, Projectile, 320
1111.474, 553.0574, 59.64253, 0.5998242, 0.5896135, 59.64253, False, Projectile, 321
1110.213, 551.5144, 59.86953, 0.5991437, 0.5879685, 59.86953, False, Projectile, 322
1108.953, 549.9494, 60.09935, 0.5984637, 0.5863, 60.09935, False, Projectile, 323
1107.694, 548.363, 60.33199, 0.5977842, 0.5846087, 60.33199, False, Projectile, 324
1106.436, 546.7555, 60.56745, 0.5971054, 0.582895, 60.56745, False, Projectile, 325
1105.18, 545.1275, 60.80574, 0.5964275, 0.5811594, 60.80574, False, Projectile, 326
1103.925, 543.4794, 61.04686, 0.5957503, 0.5794024, 61.04686, False, Projectile, 327
1102.672, 541.8118, 61.2908, 0.5950742, 0.5776245, 61.2908, False, Projectile, 328
1101.421, 540.125, 61.53757, 0.594399, 0.5758262, 61.53757, False, Projectile, 329
1101.429, 541.6719, 61.44809, 0.5944033, 0.5774754, 61.44809, False, Projectile, 330
1101.138, 542.2043, 61.45266, 0.5942463, 0.578043, 61.45266, False, Projectile, 331
1100.798, 542.5252, 61.47524, 0.5940629, 0.5783851, 61.47524, False, Projectile, 332
1100.455, 542.799, 61.50096, 0.5938776, 0.5786769, 61.50096, False, Projectile, 333
1100.118, 543.0583, 61.52682, 0.5936955, 0.5789534, 61.52682, False, Projectile, 334
1099.788, 543.3099, 61.55222, 0.5935175, 0.5792216, 61.55222, False, Projectile, 335
1099.466, 543.5551, 61.57708, 0.5933437, 0.5794831, 61.57708, False, Projectile, 336
1099.151, 543.7946, 61.60138, 0.5931739, 0.5797384, 61.60138, False, Projectile, 337
1098.844, 544.0284, 61.62511, 0.5930082, 0.5799876, 61.62511, False, Projectile, 338
1098.544, 544.2566, 61.64832, 0.5928463, 0.5802309, 61.64832, False, Projectile, 339
1098.251, 544.4795, 61.67098, 0.5926883, 0.5804685, 61.67098, False, Projectile, 340
1097.965, 544.6971, 61.69314, 0.5925339, 0.5807005, 61.69314, False, Projectile, 341
1097.686, 544.9096, 61.71478, 0.5923834, 0.5809271, 61.71478, False, Projectile, 342
1097.414, 545.1171, 61.73593, 0.5922363, 0.5811483, 61.73593, False, Projectile, 343
1097.148, 545.3197, 61.75659, 0.5920927, 0.5813643, 61.75659, False, Projectile, 344
1096.888, 545.5175, 61.77679, 0.5919523, 0.5815752, 61.77679, False, Projectile, 345
1096.634, 545.7107, 61.79652, 0.5918153, 0.5817811, 61.79652, False, Projectile, 346
1096.386, 545.8994, 61.8158, 0.5916816, 0.5819823, 61.8158, False, Projectile, 347
1096.144, 546.0836, 61.83464, 0.5915509, 0.5821787, 61.83464, False, Projectile, 348
1095.908, 546.2635, 61.85305, 0.5914234, 0.5823705, 61.85305, False, Projectile, 349
1095.677, 546.4392, 61.87104, 0.5912988, 0.5825578, 61.87104, False, Projectile, 350
1095.451, 546.6108, 61.88862, 0.5911771, 0.5827408, 61.88862, False, Projectile, 351
1095.231, 546.7784, 61.90579, 0.5910583, 0.5829194, 61.90579, False, Projectile, 352
1095.016, 546.9421, 61.92258, 0.5909423, 0.5830939, 61.92258, False, Projectile, 353
1094.806, 547.1019, 61.93897, 0.590829, 0.5832643, 61.93897, False, Projectile, 354
1094.601, 547.258, 61.955, 0.5907183, 0.5834307, 61.955, False, Projectile, 355
1094.401, 547.4105, 61.97066, 0.5906102, 0.5835932, 61.97066, False, Projectile, 356
1094.205, 547.5593, 61.98596, 0.5905046, 0.583752, 61.98596, False, Projectile, 357
1094.014, 547.7048, 62.00092, 0.5904015, 0.583907, 62.00092, False, Projectile, 358
1093.827, 547.8468, 62.01553, 0.5903008, 0.5840584, 62.01553, False, Projectile, 359
1093.645, 547.9855, 62.0298, 0.5902025, 0.5842063, 62.0298, False, Projectile, 360
1093.467, 548.121, 62.04375, 0.5901063, 0.5843507, 62.04375, False, Projectile, 361
1093.293, 548.2533, 62.05738, 0.5900126, 0.5844918, 62.05738, False, Projectile, 362
1093.124, 548.3826, 62.0707, 0.5899209, 0.5846296, 62.0707, False, Projectile, 363
1092.958, 548.5088, 62.08371, 0.5898314, 0.5847642, 62.08371, False, Projectile, 364
1092.796, 548.6321, 62.09643, 0.589744, 0.5848956, 62.09643, False, Projectile, 365
1092.637, 548.7525, 62.10886, 0.5896586, 0.585024, 62.10886, False, Projectile, 366
1092.483, 548.8702, 62.12099, 0.5895752, 0.5851495, 62.12099, False, Projectile, 367
1092.332, 548.9851, 62.13287, 0.5894938, 0.585272, 62.13287, False, Projectile, 368
1092.184, 549.0972, 62.14445, 0.5894142, 0.5853915, 62.14445, False, Projectile, 369
1092.04, 549.2069, 62.15578, 0.5893365, 0.5855084, 62.15578, False, Projectile, 370
1091.9, 549.3139, 62.16685, 0.5892606, 0.5856225, 62.16685, False, Projectile, 371
1091.762, 549.4185, 62.17766, 0.5891864, 0.585734, 62.17766, False, Projectile, 372
1091.628, 549.5206, 62.18822, 0.589114, 0.5858428, 62.18822, False, Projectile, 373
1091.497, 549.6204, 62.19855, 0.5890433, 0.5859493, 62.19855, False, Projectile, 374
1091.369, 549.7178, 62.20863, 0.5889742, 0.5860531, 62.20863, False, Projectile, 375
1091.244, 549.8131, 62.2185, 0.5889067, 0.5861547, 62.2185, False, Projectile, 376
1091.122, 549.906, 62.22813, 0.5888407, 0.5862538, 62.22813, False, Projectile, 377
1091.003, 549.9969, 62.23754, 0.5887764, 0.5863506, 62.23754, False, Projectile, 378
1090.886, 550.0856, 62.24673, 0.5887134, 0.5864452, 62.24673, False, Projectile, 379
1090.772, 550.1723, 62.25572, 0.588652, 0.5865377, 62.25572, False, Projectile, 380
1090.661, 550.257, 62.2645, 0.5885919, 0.586628, 62.2645, False, Projectile, 381
1090.552, 550.3397, 62.27309, 0.5885333, 0.5867161, 62.27309, False, Projectile, 382
1090.446, 550.4205, 62.28147, 0.5884759, 0.5868022, 62.28147, False, Projectile, 383
1090.342, 550.4995, 62.28967, 0.58842, 0.5868865, 62.28967, False, Projectile, 384
1090.241, 550.5766, 62.29767, 0.5883653, 0.5869687, 62.29767, False, Projectile, 385
1090.142, 550.6519, 62.30549, 0.5883119, 0.5870489, 62.30549, False, Projectile, 386
1090.045, 550.7255, 62.31313, 0.5882598, 0.5871274, 62.31313, False, Projectile, 387
1089.951, 550.7974, 62.3206, 0.5882087, 0.587204, 62.3206, False, Projectile, 388
1089.859, 550.8676, 62.3279, 0.588159, 0.5872789, 62.3279, False, Projectile, 389
1089.768, 550.9363, 62.33503, 0.5881103, 0.5873521, 62.33503, False, Projectile, 390
1089.68, 551.0032, 62.342, 0.5880628, 0.5874235, 62.342, False, Projectile, 391
1089.594, 551.0688, 62.34881, 0.5880164, 0.5874934, 62.34881, False, Projectile, 392
1089.51, 551.1328, 62.35546, 0.587971, 0.5875615, 62.35546, False, Projectile, 393
1089.428, 551.1953, 62.36197, 0.5879267, 0.5876282, 62.36197, False, Projectile, 394
1089.348, 551.2563, 62.36832, 0.5878835, 0.5876933, 62.36832, False, Projectile, 395
1089.27, 551.3159, 62.37453, 0.5878412, 0.5877568, 62.37453, False, Projectile, 396
1088.697, 552.1194, 62.23151, 0.5875319, 0.5886134, 62.23151, True, Projectile, 397
1088.114, 552.8939, 62.09132, 0.5872173, 0.5894391, 62.09132, False, Projectile, 398
1087.521, 553.6391, 61.95396, 0.5868973, 0.5902336, 61.95396, False, Projectile, 399
1086.918, 554.3548, 61.81942, 0.586572, 0.5909966, 61.81942, False, Projectile, 400
1086.305, 555.0406, 61.68771, 0.5862412, 0.5917277, 61.68771, False, Projectile, 401
1085.682, 555.6963, 61.55882, 0.5859051, 0.5924268, 61.55882, False, Projectile, 402
1085.049, 556.3216, 61.43275, 0.5855637, 0.5930934, 61.43275, False, Projectile, 403
1084.407, 556.9163, 61.30951, 0.5852169, 0.5937274, 61.30951, False, Projectile, 404
1083.755, 557.4799, 61.1891, 0.5848648, 0.5943283, 61.1891, False, Projectile, 405
1083.092, 558.0123, 61.0715, 0.5845073, 0.5948959, 61.0715, False, Projectile, 406
1082.42, 558.5134, 60.95674, 0.5841447, 0.59543, 60.95674, False, Projectile, 407
1081.738, 558.9826, 60.8448, 0.5837768, 0.5959303, 60.8448, False, Projectile, 408
1081.047, 559.4199, 60.73568, 0.5834036, 0.5963965, 60.73568, False, Projectile, 409
1080.346, 559.825, 60.62939, 0.5830253, 0.5968283, 60.62939, False, Projectile, 410
1079.635, 560.1978, 60.52592, 0.5826417, 0.5972258, 60.52592, False, Projectile, 411
1078.915, 560.5378, 60.42527, 0.582253, 0.5975883, 60.42527, False, Projectile, 412
1078.185, 560.8451, 60.32745, 0.5818592, 0.5979159, 60.32745, False, Projectile, 413
1077.446, 561.1193, 60.23246, 0.5814602, 0.5982082, 60.23246, False, Projectile, 414
1076.697, 561.3602, 60.14029, 0.5810563, 0.598465, 60.14029, False, Projectile, 415
1075.939, 561.5677, 60.05095, 0.5806472, 0.5986863, 60.05095, False, Projectile, 416
1075.172, 561.7416, 59.96442, 0.5802331, 0.5988716, 59.96442, False, Projectile, 417
1074.396, 561.8817, 59.88072, 0.5798141, 0.599021, 59.88072, False, Projectile, 418
1073.61, 561.9879, 59.79985, 0.5793902, 0.5991343, 59.79985, False, Projectile, 419
1072.815, 562.06, 59.7218, 0.5789614, 0.5992111, 59.7218, False, Projectile, 420
1072.012, 562.0978, 59.64658, 0.5785277, 0.5992514, 59.64658, False, Projectile, 421
1071.199, 562.1013, 59.57418, 0.5780893, 0.5992551, 59.57418, False, Projectile, 422
1070.378, 562.0703, 59.50461, 0.5776461, 0.5992221, 59.50461, False, Projectile, 423
1069.548, 562.0046, 59.43786, 0.5771981, 0.5991521, 59.43786, False, Projectile, 424
1068.71, 561.9042, 59.37394, 0.5767456, 0.599045, 59.37394, False, Projectile, 425
1067.863, 561.7691, 59.31284, 0.5762885, 0.598901, 59.31284, False, Projectile, 426
1067.007, 561.599, 59.25456, 0.5758267, 0.5987196, 59.25456, False, Projectile, 427
1066.143, 561.3939, 59.1991, 0.5753605, 0.598501, 59.1991, False, Projectile, 428
1065.271, 561.1537, 59.14648, 0.5748898, 0.5982449, 59.14648, False, Projectile, 429
1064.39, 560.8785, 59.09668, 0.5744147, 0.5979515, 59.09668, False, Projectile, 430
1063.502, 560.5681, 59.0497, 0.5739353, 0.5976205, 59.0497, False, Projectile, 431
1062.606, 560.2224, 59.00555, 0.5734516, 0.597252, 59.00555, False, Projectile, 432
1061.702, 559.8416, 58.96422, 0.5729637, 0.596846, 58.96422, False, Projectile, 433
1060.79, 559.4255, 58.92571, 0.5724716, 0.5964024, 58.92571, False, Projectile, 434
1059.87, 558.9741, 58.89004, 0.5719754, 0.5959212, 58.89004, False, Projectile, 435
1058.944, 558.4874, 58.85719, 0.5714752, 0.5954024, 58.85719, False, Projectile, 436
1058.009, 557.9655, 58.82716, 0.570971, 0.594846, 58.82716, False, Projectile, 437
1057.068, 557.4084, 58.79995, 0.5704629, 0.594252, 58.79995, False, Projectile, 438
1056.119, 556.816, 58.77557, 0.5699511, 0.5936204, 58.77557, False, Projectile, 439
1055.164, 556.1885, 58.75401, 0.5694354, 0.5929515, 58.75401, False, Projectile, 440
1054.201, 555.5259, 58.73528, 0.568916, 0.5922451, 58.73528, False, Projectile, 441
1053.232, 554.8282, 58.71937, 0.5683931, 0.5915014, 58.71937, False, Projectile, 442
1052.257, 554.0956, 58.70629, 0.5678665, 0.5907203, 58.70629, False, Projectile, 443
1051.275, 553.3282, 58.69603, 0.5673365, 0.5899021, 58.69603, False, Projectile, 444
1050.286, 552.5259, 58.68859, 0.5668031, 0.5890468, 58.68859, False, Projectile, 445
1049.292, 551.6888, 58.68398, 0.5662663, 0.5881544, 58.68398, False, Projectile, 446
1048.291, 550.8173, 58.6822, 0.5657264, 0.5872253, 58.6822, False, Projectile, 447
1047.285, 549.9113, 58.68324, 0.5651832, 0.5862593, 58.68324, False, Projectile, 448
1046.272, 548.9709, 58.68711, 0.5646369, 0.5852568, 58.68711, False, Projectile, 449
1045.255, 547.9963, 58.6938, 0.5640877, 0.5842178, 58.6938, False, Projectile, 450
1044.231, 546.9878, 58.70331, 0.5635355, 0.5831426, 58.70331, False, Projectile, 451
1043.203, 545.9453, 58.71564, 0.5629804, 0.5820313, 58.71564, False, Projectile, 452
1042.169, 544.8692, 58.73081, 0.5624226, 0.580884, 58.73081, False, Projectile, 453
1041.131, 543.7595, 58.74879, 0.5618622, 0.5797009, 58.74879, False, Projectile, 454
1040.087, 542.6165, 58.76961, 0.5612991, 0.5784824, 58.76961, False, Projectile, 455
1039.039, 541.4404, 58.79325, 0.5607335, 0.5772286, 58.79325, False, Projectile, 456
1037.986, 540.2314, 58.81971, 0.5601654, 0.5759397, 58.81971, False, Projectile, 457
1036.93, 538.9896, 58.84899, 0.559595, 0.5746158, 58.84899, False, Projectile, 458
1035.868, 537.7155, 58.8811, 0.5590224, 0.5732574, 58.8811, False, Projectile, 459
1034.803, 536.4091, 58.91604, 0.5584475, 0.5718647, 58.91604, False, Projectile, 460
1033.734, 535.0706, 58.9538, 0.5578706, 0.5704377, 58.9538, False, Projectile, 461
1032.661, 533.7005, 58.99438, 0.5572916, 0.5689771, 58.99438, False, Projectile, 462
1031.585, 532.2988, 59.03779, 0.5567108, 0.5674828, 59.03779, False, Projectile, 463
1030.505, 530.866, 59.08402, 0.5561281, 0.5659553, 59.08402, False, Projectile, 464
1029.422, 529.4023, 59.13308, 0.5555437, 0.5643948, 59.13308, False, Projectile, 465
1028.336, 527.9079, 59.18496, 0.5549576, 0.5628016, 59.18496, False, Projectile, 466
1027.248, 526.3831, 59.23967, 0.55437, 0.561176, 59.23967, False, Projectile, 467
1026.156, 524.8284, 59.2972, 0.5537809, 0.5595185, 59.2972, False, Projectile, 468
1025.062, 523.2439, 59.35756, 0.5531903, 0.5578293, 59.35756, False, Projectile, 469
1023.965, 521.6299, 59.42073, 0.5525985, 0.5561087, 59.42073, False, Projectile, 470
1023.289, 521.2819, 59.3957, 0.5522339, 0.5557377, 59.3957, False, Projectile, 471
1022.65, 520.9825, 59.36903, 0.5518886, 0.5554185, 59.36903, False, Projectile, 472
1022.032, 520.6999, 59.34269, 0.5515555, 0.5551171, 59.34269, False, Projectile, 473
1021.43, 520.4255, 59.31691, 0.5512306, 0.5548246, 59.31691, False, Projectile, 474
1020.842, 520.1574, 59.2917, 0.5509129, 0.5545388, 59.2917, False, Projectile, 475
1020.266, 519.8953, 59.26707, 0.5506023, 0.5542594, 59.26707, False, Projectile, 476
1019.703, 519.639, 59.24299, 0.5502985, 0.5539862, 59.24299, False, Projectile, 477
1019.152, 519.3884, 59.21947, 0.5500013, 0.553719, 59.21947, False, Projectile, 478
1018.614, 519.1433, 59.19648, 0.5497108, 0.5534577, 59.19648, False, Projectile, 479
1018.088, 518.9036, 59.17402, 0.5494267, 0.5532022, 59.17402, False, Projectile, 480
1017.573, 518.6692, 59.15207, 0.5491489, 0.5529522, 59.15207, False, Projectile, 481
1017.069, 518.44, 59.13062, 0.5488772, 0.5527079, 59.13062, False, Projectile, 482
1016.577, 518.2159, 59.10966, 0.5486115, 0.552469, 59.10966, False, Projectile, 483
1016.096, 517.9967, 59.08919, 0.5483517, 0.5522353, 59.08919, False, Projectile, 484
1015.625, 517.7825, 59.06918, 0.5480977, 0.5520069, 59.06918, False, Projectile, 485
1015.165, 517.5729, 59.04963, 0.5478494, 0.5517835, 59.04963, False, Projectile, 486
1014.715, 517.368, 59.03053, 0.5476065, 0.5515651, 59.03053, False, Projectile, 487
1014.275, 517.1677, 59.01186, 0.547369, 0.5513515, 59.01186, False, Projectile, 488
1013.845, 516.9719, 58.99361, 0.5471368, 0.5511427, 58.99361, False, Projectile, 489
1013.424, 516.7803, 58.97579, 0.5469099, 0.5509385, 58.97579, False, Projectile, 490
1013.013, 516.5931, 58.95837, 0.5466879, 0.5507389, 58.95837, False, Projectile, 491
1012.611, 516.41, 58.94135, 0.5464709, 0.5505437, 58.94135, False, Projectile, 492
1012.217, 516.2311, 58.92472, 0.5462587, 0.550353, 58.92472, False, Projectile, 493
1011.833, 516.056, 58.90847, 0.5460513, 0.5501664, 58.90847, False, Projectile, 494
1011.457, 515.8849, 58.89259, 0.5458485, 0.549984, 58.89259, False, Projectile, 495
1011.09, 515.7177, 58.87708, 0.5456502, 0.5498056, 58.87708, False, Projectile, 496
1010.731, 515.5541, 58.86191, 0.5454563, 0.5496313, 58.86191, False, Projectile, 497
1010.38, 515.3943, 58.8471, 0.5452669, 0.5494609, 58.8471, False, Projectile, 498
1010.036, 515.238, 58.83262, 0.5450816, 0.5492942, 58.83262, False, Projectile, 499
1009.701, 515.0852, 58.81847, 0.5449005, 0.5491313, 58.81847, False, Projectile, 500
1009.372, 514.9359, 58.80465, 0.5447234, 0.5489721, 58.80465, False, Projectile, 501
1009.052, 514.7898, 58.79115, 0.5445503, 0.5488164, 58.79115, False, Projectile, 502
1008.738, 514.647, 58.77795, 0.5443811, 0.5486642, 58.77795, False, Projectile, 503
1008.432, 514.5075, 58.76505, 0.5442157, 0.5485154, 58.76505, False, Projectile, 504
1008.132, 514.3711, 58.75245, 0.5440539, 0.5483701, 58.75245, False, Projectile, 505
1007.839, 514.2377, 58.74014, 0.5438958, 0.5482278, 58.74014, False, Projectile, 506
1007.553, 514.1073, 58.7281, 0.5437413, 0.5480888, 58.7281, False, Projectile, 507
1007.273, 513.9799, 58.71635, 0.5435902, 0.547953, 58.71635, False, Projectile, 508
1006.999, 513.8553, 58.70486, 0.5434425, 0.5478202, 58.70486, False, Projectile, 509
1006.732, 513.7335, 58.69363, 0.5432982, 0.5476903, 58.69363, False, Projectile, 510
1006.47, 513.6144, 58.68266, 0.5431571, 0.5475634, 58.68266, False, Projectile, 511
1006.215, 513.4981, 58.67194, 0.5430192, 0.5474393, 58.67194, False, Projectile, 512
1005.965, 513.3844, 58.66147, 0.5428843, 0.5473181, 58.66147, False, Projectile, 513
1005.72, 513.2732, 58.65124, 0.5427525, 0.5471995, 58.65124, False, Projectile, 514
1005.482, 513.1645, 58.64124, 0.5426237, 0.5470837, 58.64124, False, Projectile, 515
1005.248, 513.0583, 58.63147, 0.5424978, 0.5469705, 58.63147, False, Projectile, 516
1005.02, 512.9545, 58.62192, 0.5423747, 0.5468598, 58.62192, False, Projectile, 517
1004.797, 512.8529, 58.61259, 0.5422544, 0.5467515, 58.61259, False, Projectile, 518
1004.579, 512.7537, 58.60347, 0.5421368, 0.5466458, 58.60347, False, Projectile, 519
1004.366, 512.6567, 58.59456, 0.5420218, 0.5465423, 58.59456, False, Projectile, 520
1004.158, 512.562, 58.58586, 0.5419095, 0.5464413, 58.58586, False, Projectile, 521
1003.955, 512.4693, 58.57735, 0.5417997, 0.5463426, 58.57735, False, Projectile, 522
1003.756, 512.3787, 58.56904, 0.5416923, 0.546246, 58.56904, False, Projectile, 523
1003.561, 512.2902, 58.56092, 0.5415874, 0.5461516, 58.56092, False, Projectile, 524
1003.371, 512.2037, 58.55298, 0.5414848, 0.5460594, 58.55298, False, Projectile, 525
1003.186, 512.1191, 58.54523, 0.5413846, 0.5459692, 58.54523, False, Projectile, 526
1003.004, 512.0365, 58.53765, 0.5412866, 0.5458812, 58.53765, False, Projectile, 527
1002.827, 511.9558, 58.53025, 0.5411909, 0.5457951, 58.53025, False, Projectile, 528
1002.653, 511.8768, 58.52302, 0.5410973, 0.5457109, 58.52302, False, Projectile, 529
1002.484, 511.7997, 58.51595, 0.541006, 0.5456287, 58.51595, False, Projectile, 530
1002.318, 511.7243, 58.50904, 0.5409166, 0.5455483, 58.50904, False, Projectile, 531
1002.157, 511.6506, 58.5023, 0.5408292, 0.5454698, 58.5023, False, Projectile, 532
1001.998, 511.5786, 58.4957, 0.5407438, 0.5453929, 58.4957, False, Projectile, 533
1001.844, 511.5082, 58.48926, 0.5406604, 0.5453179, 58.48926, False, Projectile, 534
1001.693, 511.4394, 58.48296, 0.5405788, 0.5452446, 58.48296, False, Projectile, 535
1001.545, 511.3722, 58.47681, 0.5404992, 0.5451729, 58.47681, False, Projectile, 536
1001.401, 511.3065, 58.4708, 0.5404212, 0.5451028, 58.4708, False, Projectile, 537
1001.26, 511.2422, 58.46493, 0.5403451, 0.5450343, 58.46493, False, Projectile, 538
1001.122, 511.1794, 58.45919, 0.5402707, 0.5449674, 58.45919, False, Projectile, 539
1000.987, 511.1182, 58.45358, 0.540198, 0.5449021, 58.45358, False, Projectile, 540
1000.855, 511.0582, 58.4481, 0.5401269, 0.5448381, 58.4481, False, Projectile, 541
1000.727, 510.9996, 58.44275, 0.5400575, 0.5447757, 58.44275, False, Projectile, 542
1000.601, 510.9423, 58.43752, 0.5399896, 0.5447146, 58.43752, False, Projectile, 543
1000.478, 510.8864, 58.4324, 0.5399233, 0.544655, 58.4324, False, Projectile, 544
1000.358, 510.8316, 58.42741, 0.5398584, 0.5445966, 58.42741, False, Projectile, 545
1000.24, 510.7782, 58.42252, 0.539795, 0.5445396, 58.42252, False, Projectile, 546
1000.125, 510.726, 58.41776, 0.5397331, 0.544484, 58.41776, False, Projectile, 547
1000.013, 510.6749, 58.41309, 0.5396726, 0.5444295, 58.41309, False, Projectile, 548
999.9038, 510.625, 58.40854, 0.5396135, 0.5443763, 58.40854, False, Projectile, 549
999.7966, 510.5762, 58.40409, 0.5395557, 0.5443243, 58.40409, False, Projectile, 550
999.692, 510.5285, 58.39974, 0.5394992, 0.5442735, 58.39974, False, Projectile, 551
999.5897, 510.482, 58.39549, 0.539444, 0.5442239, 58.39549, False, Projectile, 552
999.4897, 510.4365, 58.39134, 0.53939, 0.5441753, 58.39134, False, Projectile, 553
999.392, 510.392, 58.38728, 0.5393373, 0.5441279, 58.38728, False, Projectile, 554
998.8149, 511.1568, 58.1347, 0.5390258, 0.5449433, 58.1347, True, Projectile, 555
998.2293, 511.8952, 57.88495, 0.5387098, 0.5457305, 57.88495, False, Projectile, 556
997.6352, 512.6069, 57.63802, 0.5383892, 0.5464892, 57.63802, False, Projectile, 557
997.0323, 513.2913, 57.39391, 0.5380639, 0.5472188, 57.39391, False, Projectile, 558
996.421, 513.9479, 57.15263, 0.537734, 0.5479189, 57.15263, False, Projectile, 559
995.8011, 514.5765, 56.91418, 0.5373994, 0.548589, 56.91418, False, Projectile, 560
995.1724, 515.1764, 56.67855, 0.5370601, 0.5492285, 56.67855, False, Projectile, 561
994.5352, 515.7473, 56.44574, 0.5367162, 0.5498372, 56.44574, False, Projectile, 562
993.8893, 516.2886, 56.21576, 0.5363677, 0.5504143, 56.21576, False, Projectile, 563
993.2346, 516.8001, 55.9886, 0.5360144, 0.5509596, 55.9886, False, Projectile, 564
992.5714, 517.2811, 55.76427, 0.5356565, 0.5514724, 55.76427, False, Projectile, 565
991.8994, 517.7313, 55.54276, 0.5352938, 0.5519524, 55.54276, False, Projectile, 566
991.2188, 518.1503, 55.32407, 0.5349265, 0.552399, 55.32407, False, Projectile, 567
990.5295, 518.5375, 55.10822, 0.5345545, 0.5528119, 55.10822, False, Projectile, 568
989.8314, 518.8926, 54.89519, 0.5341778, 0.5531904, 54.89519, False, Projectile, 569
989.1247, 519.2151, 54.68497, 0.5337964, 0.5535343, 54.68497, False, Projectile, 570
988.4093, 519.5047, 54.47758, 0.5334103, 0.553843, 54.47758, False, Projectile, 571
987.6853, 519.7608, 54.27303, 0.5330196, 0.554116, 54.27303, False, Projectile, 572
986.9527, 519.983, 54.07129, 0.5326242, 0.5543529, 54.07129, False, Projectile, 573
986.2114, 520.1711, 53.87238, 0.5322242, 0.5545534, 53.87238, False, Projectile, 574
985.4615, 520.3245, 53.67629, 0.5318195, 0.554717, 53.67629, False, Projectile, 575
984.7031, 520.4427, 53.48303, 0.5314102, 0.554843, 53.48303, False, Projectile, 576
983.9362, 520.5256, 53.29259, 0.5309963, 0.5549313, 53.29259, False, Projectile, 577
983.1606, 520.5725, 53.10498, 0.5305778, 0.5549814, 53.10498, False, Projectile, 578
982.3766, 520.5833, 52.92019, 0.5301547, 0.5549928, 52.92019, False, Projectile, 579
981.5842, 520.5573, 52.73822, 0.529727, 0.5549651, 52.73822, False, Projectile, 580
980.7834, 520.4943, 52.55908, 0.5292949, 0.554898, 52.55908, False, Projectile, 581
979.9742, 520.394, 52.38277, 0.5288582, 0.554791, 52.38277, False, Projectile, 582
979.1567, 520.2559, 52.20927, 0.528417, 0.5546438, 52.20927, False, Projectile, 583
978.331, 520.0797, 52.03861, 0.5279714, 0.554456, 52.03861, False, Projectile, 584
977.497, 519.8651, 51.87077, 0.5275213, 0.5542272, 51.87077, False, Projectile, 585
976.6548, 519.6117, 51.70575, 0.5270668, 0.553957, 51.70575, False, Projectile, 586
975.8046, 519.3192, 51.54356, 0.526608, 0.5536451, 51.54356, False, Projectile, 587
974.9463, 518.9872, 51.38419, 0.5261448, 0.5532913, 51.38419, False, Projectile, 588
974.0802, 518.6155, 51.22765, 0.5256774, 0.5528949, 51.22765, False, Projectile, 589
973.206, 518.2036, 51.07393, 0.5252056, 0.5524559, 51.07393, False, Projectile, 590
972.3241, 517.7515, 50.92303, 0.5247297, 0.5519739, 50.92303, False, Projectile, 591
971.4344, 517.2588, 50.77497, 0.5242496, 0.5514486, 50.77497, False, Projectile, 592
970.537, 516.725, 50.62972, 0.5237653, 0.5508796, 50.62972, False, Projectile, 593
969.6321, 516.1502, 50.4873, 0.5232769, 0.5502667, 50.4873, False, Projectile, 594
968.7197, 515.5339, 50.34771, 0.5227845, 0.5496097, 50.34771, False, Projectile, 595
967.7999, 514.876, 50.21093, 0.5222881, 0.5489083, 50.21093, False, Projectile, 596
966.8729, 514.1761, 50.07699, 0.5217878, 0.5481622, 50.07699, False, Projectile, 597
965.9385, 513.4341, 49.94586, 0.5212836, 0.5473711, 49.94586, False, Projectile, 598
964.9971, 512.6498, 49.81757, 0.5207756, 0.546535, 49.81757, False, Projectile, 599
964.0488, 511.8231, 49.69209, 0.5202638, 0.5456536, 49.69209, False, Projectile, 600
963.0934, 510.9536, 49.56944, 0.5197482, 0.5447266, 49.56944, False, Projectile, 601
962.1314, 510.0412, 49.44962, 0.5192291, 0.5437539, 49.44962, False, Projectile, 602
961.1627, 509.0858, 49.33262, 0.5187063, 0.5427354, 49.33262, False, Projectile, 603
960.1874, 508.0872, 49.21844, 0.51818, 0.5416708, 49.21844, False, Projectile, 604
959.2057, 507.0454, 49.10709, 0.5176501, 0.5405601, 49.10709, False, Projectile, 605
958.2177, 505.9601, 48.99857, 0.517117, 0.5394031, 48.99857, False, Projectile, 606
957.2236, 504.8313, 48.89287, 0.5165805, 0.5381997, 48.89287, False, Projectile, 607
956.2235, 503.659, 48.78999, 0.5160407, 0.5369499, 48.78999, False, Projectile, 608
955.2174, 502.443, 48.68993, 0.5154978, 0.5356535, 48.68993, False, Projectile, 609
954.2056, 501.1832, 48.59271, 0.5149518, 0.5343105, 48.59271, False, Projectile, 610
953.1882, 499.8797, 48.49831, 0.5144027, 0.5329208, 48.49831, False, Projectile, 611
952.1653, 498.5323, 48.40672, 0.5138507, 0.5314844, 48.40672, False, Projectile, 612
951.1371, 497.1412, 48.31797, 0.5132958, 0.5300013, 48.31797, False, Projectile, 613
950.1037, 495.7063, 48.23204, 0.5127381, 0.5284715, 48.23204, False, Projectile, 614
949.0654, 494.2275, 48.14893, 0.5121778, 0.526895, 48.14893, False, Projectile, 615
948.0221, 492.705, 48.06866, 0.5116147, 0.5252719, 48.06866, False, Projectile, 616
946.9742, 491.1389, 47.9912, 0.5110492, 0.5236022, 47.9912, False, Projectile, 617
945.9218, 489.529, 47.91657, 0.5104812, 0.5218859, 47.91657, False, Projectile, 618
944.865, 487.8756, 47.84476, 0.5099109, 0.5201232, 47.84476, False, Projectile, 619
943.8039, 486.1788, 47.77578, 0.5093383, 0.5183142, 47.77578, False, Projectile, 620
942.7389, 484.4385, 47.70963, 0.5087636, 0.516459, 47.70963, False, Projectile, 621
941.6699, 482.6552, 47.64629, 0.5081867, 0.5145577, 47.64629, False, Projectile, 622
940.5973, 480.8286, 47.58578, 0.5076078, 0.5126104, 47.58578, False, Projectile, 623
939.5212, 478.9592, 47.5281, 0.5070271, 0.5106175, 47.5281, False, Projectile, 624
938.4418, 477.047, 47.47324, 0.5064446, 0.5085789, 47.47324, False, Projectile, 625
937.3592, 475.0923, 47.4212, 0.5058603, 0.506495, 47.4212, False, Projectile, 626
936.2737, 473.0953, 47.37199, 0.5052745, 0.504366, 47.37199, False, Projectile, 627
935.1854, 471.0561, 47.3256, 0.5046872, 0.502192, 47.3256, False, Projectile, 628
934.0945, 468.9751, 47.28204, 0.5040985, 0.4999734, 47.28204, False, Projectile, 629
933.0012, 466.8525, 47.24131, 0.5035084, 0.4977105, 47.24131, False, Projectile, 630
931.9056, 464.6885, 47.20339, 0.5029172, 0.4954035, 47.20339, False, Projectile, 631
930.8081, 462.4835, 47.16831, 0.5023249, 0.4930528, 47.16831, False, Projectile, 632
929.7087, 460.2377, 47.13605, 0.5017316, 0.4906585, 47.13605, False, Projectile, 633
928.6078, 457.9515, 47.10661, 0.5011375, 0.4882212, 47.10661, False, Projectile, 634
927.5053, 455.6252, 47.07999, 0.5005425, 0.4857412, 47.07999, False, Projectile, 635
926.4017, 453.2592, 47.05621, 0.4999469, 0.4832188, 47.05621, False, Projectile, 636
925.2969, 450.8539, 47.03524, 0.4993508, 0.4806544, 47.03524, False, Projectile, 637
924.1913, 448.4095, 47.0171, 0.4987541, 0.4780485, 47.0171, False, Projectile, 638
923.0851, 445.9265, 47.00179, 0.4981571, 0.4754014, 47.00179, False, Projectile, 639
921.9785, 443.4053, 46.9893, 0.4975599, 0.4727136, 46.9893, False, Projectile, 640
920.8716, 440.8464, 46.97963, 0.4969625, 0.4699855, 46.97963, False, Projectile, 641
919.7646, 438.2502, 46.97279, 0.4963652, 0.4672177, 46.97279, False, Projectile, 642
918.6578, 435.6171, 46.96877, 0.4957678, 0.4644106, 46.96877, False, Projectile, 643
917.5513, 432.9476, 46.96758, 0.4951707, 0.4615646, 46.96758, False, Projectile, 644
916.4454, 430.2422, 46.96921, 0.4945739, 0.4586803, 46.96921, False, Projectile, 645
915.3403, 427.5013, 46.97366, 0.4939775, 0.4557583, 46.97366, False, Projectile, 646
914.236, 424.7255, 46.98095, 0.4933816, 0.4527991, 46.98095, False, Projectile, 647
913.133, 421.9153, 46.99105, 0.4927863, 0.4498031, 46.99105, False, Projectile, 648
912.0313, 419.0712, 47.00398, 0.4921917, 0.446771, 47.00398, False, Projectile, 649
910.931, 416.1938, 47.01974, 0.491598, 0.4437034, 47.01974, False, Projectile, 650
909.8326, 413.2835, 47.03831, 0.4910052, 0.4406008, 47.03831, False, Projectile, 651
908.7361, 410.3411, 47.05972, 0.4904134, 0.4374638, 47.05972, False, Projectile, 652
907.6417, 407.3669, 47.08395, 0.4898228, 0.4342931, 47.08395, False, Projectile, 653
906.5497, 404.3618, 47.111, 0.4892335, 0.4310893, 47.111, False, Projectile, 654
905.4601, 401.3261, 47.14088, 0.4886455, 0.427853, 47.14088, False, Projectile, 655
904.3732, 398.2606, 47.17358, 0.488059, 0.4245848, 47.17358, False, Projectile, 656
903.2893, 395.1657, 47.20911, 0.487474, 0.4212855, 47.20911, False, Projectile, 657
902.2084, 392.0423, 47.24746, 0.4868907, 0.4179556, 47.24746, False, Projectile, 658
901.1309, 388.8908, 47.28864, 0.4863091, 0.4145958, 47.28864, False, Projectile, 659
900.0567, 385.712, 47.33263, 0.4857295, 0.4112068, 47.33263, False, Projectile, 660
898.9861, 382.5065, 47.37946, 0.4851517, 0.4077894, 47.37946, False, Projectile, 661
897.9195, 379.2748, 47.42911, 0.4845761, 0.4043442, 47.42911, False, Projectile, 662
896.8568, 376.0178, 47.48158, 0.4840026, 0.4008718, 47.48158, False, Projectile, 663
895.7983, 372.736, 47.53688, 0.4834313, 0.3973731, 47.53688, False, Projectile, 664
894.7441, 369.4301, 47.595, 0.4828624, 0.3938487, 47.595, False, Projectile, 665
893.6944, 366.1008, 47.65595, 0.482296, 0.3902993, 47.65595, False, Projectile, 666
892.8688, 365.0197, 47.58405, 0.4818504, 0.3891468, 47.58405, False, Projectile, 667
892.0777, 363.9493, 47.51804, 0.4814235, 0.3880057, 47.51804, False, Projectile, 668
891.3052, 362.8971, 47.45432, 0.4810066, 0.3868839, 47.45432, False, Projectile, 669
890.5556, 361.8745, 47.39273, 0.4806021, 0.3857937, 47.39273, False, Projectile, 670
889.8298, 360.8842, 47.33329, 0.4802104, 0.384738, 47.33329, False, Projectile, 671
889.1283, 359.9269, 47.27599, 0.4798318, 0.3837174, 47.27599, False, Projectile, 672
888.4512, 359.0029, 47.2208, 0.4794663, 0.3827323, 47.2208, False, Projectile, 673
887.7987, 358.1125, 47.16774, 0.4791143, 0.3817831, 47.16774, False, Projectile, 674
887.171, 357.2559, 47.11681, 0.4787755, 0.3808699, 47.11681, False, Projectile, 675
886.5682, 356.4334, 47.06802, 0.4784502, 0.3799929, 47.06802, False, Projectile, 676
885.9905, 355.6451, 47.02134, 0.4781384, 0.3791525, 47.02134, False, Projectile, 677
885.4381, 354.8913, 46.97679, 0.4778403, 0.3783489, 46.97679, False, Projectile, 678
884.9049, 354.1637, 46.93388, 0.4775526, 0.3775733, 46.93388, False, Projectile, 679
884.3854, 353.4547, 46.89214, 0.4772722, 0.3768174, 46.89214, False, Projectile, 680
883.8768, 352.7608, 46.85135, 0.4769977, 0.3760776, 46.85135, False, Projectile, 681
883.3791, 352.0816, 46.81149, 0.4767291, 0.3753535, 46.81149, False, Projectile, 682
882.8918, 351.4167, 46.77255, 0.4764662, 0.3746447, 46.77255, False, Projectile, 683
882.415, 350.766, 46.7345, 0.4762088, 0.373951, 46.7345, False, Projectile, 684
881.9483, 350.1292, 46.69732, 0.475957, 0.373272, 46.69732, False, Projectile, 685
881.4915, 349.5059, 46.66098, 0.4757105, 0.3726075, 46.66098, False, Projectile, 686
881.0445, 348.8958, 46.62548, 0.4754692, 0.3719572, 46.62548, False, Projectile, 687
880.6071, 348.2989, 46.59079, 0.4752332, 0.3713208, 46.59079, False, Projectile, 688
880.179, 347.7148, 46.55688, 0.4750021, 0.370698, 46.55688, False, Projectile, 689
879.7601, 347.1431, 46.52377, 0.4747761, 0.3700886, 46.52377, False, Projectile, 690
879.3502, 346.5838, 46.49139, 0.4745549, 0.3694923, 46.49139, False, Projectile, 691
878.9491, 346.0365, 46.45977, 0.4743384, 0.3689088, 46.45977, False, Projectile, 692
878.5566, 345.5009, 46.42886, 0.4741266, 0.3683379, 46.42886, False, Projectile, 693
878.1726, 344.9769, 46.39867, 0.4739194, 0.3677793, 46.39867, False, Projectile, 694
877.7969, 344.4643, 46.36916, 0.4737166, 0.3672327, 46.36916, False, Projectile, 695
877.4294, 343.9627, 46.34032, 0.4735183, 0.366698, 46.34032, False, Projectile, 696
877.0698, 343.472, 46.31215, 0.4733242, 0.3661748, 46.31215, False, Projectile, 697
876.718, 342.9919, 46.28462, 0.4731343, 0.365663, 46.28462, False, Projectile, 698
876.3738, 342.5222, 46.25772, 0.4729486, 0.3651623, 46.25772, False, Projectile, 699
876.037, 342.0628, 46.23143, 0.4727669, 0.3646725, 46.23143, False, Projectile, 700
875.7077, 341.6133, 46.20575, 0.4725892, 0.3641933, 46.20575, False, Projectile, 701
875.3855, 341.1737, 46.18065, 0.4724153, 0.3637246, 46.18065, False, Projectile, 702
875.0703, 340.7436, 46.15612, 0.4722452, 0.3632661, 46.15612, False, Projectile, 703
874.7621, 340.3229, 46.13216, 0.4720788, 0.3628176, 46.13216, False, Projectile, 704
874.4605, 339.9113, 46.10874, 0.4719161, 0.3623788, 46.10874, False, Projectile, 705
874.1655, 339.5089, 46.08586, 0.4717569, 0.3619497, 46.08586, False, Projectile, 706
873.8771, 339.1152, 46.0635, 0.4716012, 0.36153, 46.0635, False, Projectile, 707
873.5948, 338.7302, 46.04165, 0.4714489, 0.3611196, 46.04165, False, Projectile, 708
873.3188, 338.3535, 46.0203, 0.4713, 0.360718, 46.0203, False, Projectile, 709
873.049, 337.9852, 45.99944, 0.4711543, 0.3603253, 45.99944, False, Projectile, 710
872.785, 337.6249, 45.97906, 0.4710118, 0.3599413, 45.97906, False, Projectile, 711
872.5267, 337.2726, 45.95914, 0.4708725, 0.3595657, 45.95914, False, Projectile, 712
872.2742, 336.928, 45.93968, 0.4707362, 0.3591983, 45.93968, False, Projectile, 713
872.0273, 336.5911, 45.92066, 0.470603, 0.3588391, 45.92066, False, Projectile, 714
871.7858, 336.2615, 45.90208, 0.4704726, 0.3584878, 45.90208, False, Projectile, 715
871.5497, 335.9393, 45.88392, 0.4703452, 0.3581442, 45.88392, False, Projectile, 716
871.3187, 335.6241, 45.86618, 0.4702206, 0.3578082, 45.86618, False, Projectile, 717
871.0928, 335.3159, 45.84884, 0.4700987, 0.3574797, 45.84884, False, Projectile, 718
870.872, 335.0146, 45.8319, 0.4699795, 0.3571584, 45.8319, False, Projectile, 719
870.6561, 334.7199, 45.81535, 0.469863, 0.3568442, 45.81535, False, Projectile, 720
870.4449, 334.4317, 45.79917, 0.469749, 0.356537, 45.79917, False, Projectile, 721
870.2384, 334.15, 45.78336, 0.4696376, 0.3562366, 45.78336, False, Projectile, 722
870.0365, 333.8745, 45.76792, 0.4695286, 0.3559429, 45.76792, False, Projectile, 723
869.8391, 333.605, 45.75282, 0.469422, 0.3556557, 45.75282, False, Projectile, 724
869.6461, 333.3416, 45.73808, 0.4693179, 0.3553749, 45.73808, False, Projectile, 725
869.4573, 333.084, 45.72367, 0.469216, 0.3551003, 45.72367, False, Projectile, 726
869.2727, 332.8322, 45.70959, 0.4691164, 0.3548318, 45.70959, False, Projectile, 727
869.0923, 332.586, 45.69583, 0.4690191, 0.3545693, 45.69583, False, Projectile, 728
868.9159, 332.3453, 45.68238, 0.4689238, 0.3543127, 45.68238, False, Projectile, 729
868.7434, 332.1099, 45.66924, 0.4688308, 0.3540617, 45.66924, False, Projectile, 730
868.5748, 331.8798, 45.65641, 0.4687397, 0.3538164, 45.65641, False, Projectile, 731
868.4099, 331.6548, 45.64387, 0.4686508, 0.3535765, 45.64387, False, Projectile, 732
868.2487, 331.4348, 45.63161, 0.4685638, 0.353342, 45.63161, False, Projectile, 733
868.0912, 331.2199, 45.61964, 0.4684788, 0.3531129, 45.61964, False, Projectile, 734
867.9371, 331.0096, 45.60793, 0.4683956, 0.3528887, 45.60793, False, Projectile, 735
867.7866, 330.8042, 45.5965, 0.4683144, 0.3526697, 45.5965, False, Projectile, 736
867.6393, 330.6032, 45.58533, 0.4682349, 0.3524555, 45.58533, False, Projectile, 737
867.4954, 330.4069, 45.57442, 0.4681573, 0.3522462, 45.57442, False, Projectile, 738
867.3547, 330.2149, 45.56375, 0.4680813, 0.3520415, 45.56375, False, Projectile, 739
867.2172, 330.0273, 45.55333, 0.4680071, 0.3518414, 45.55333, False, Projectile, 740
867.0827, 329.8437, 45.54315, 0.4679345, 0.3516458, 45.54315, False, Projectile, 741
866.9513, 329.6644, 45.5332, 0.4678636, 0.3514546, 45.5332, False, Projectile, 742
866.8228, 329.489, 45.52347, 0.4677943, 0.3512676, 45.52347, False, Projectile, 743
866.6971, 329.3177, 45.51397, 0.4677265, 0.3510849, 45.51397, False, Projectile, 744
866.5744, 329.1501, 45.50468, 0.4676602, 0.3509063, 45.50468, False, Projectile, 745
866.4544, 328.9863, 45.49562, 0.4675955, 0.3507317, 45.49562, False, Projectile, 746
866.337, 328.8262, 45.48675, 0.4675321, 0.350561, 45.48675, False, Projectile, 747
866.2224, 328.6697, 45.47809, 0.4674702, 0.3503942, 45.47809, False, Projectile, 748
866.1102, 328.5167, 45.46963, 0.4674097, 0.350231, 45.46963, False, Projectile, 749
866.0007, 328.3672, 45.46136, 0.4673506, 0.3500716, 45.46136, False, Projectile, 750
865.8935, 328.221, 45.45328, 0.4672928, 0.3499157, 45.45328, False, Projectile, 751
865.7888, 328.0781, 45.44538, 0.4672363, 0.3497634, 45.44538, False, Projectile, 752
865.6865, 327.9384, 45.43767, 0.467181, 0.3496145, 45.43767, False, Projectile, 753
865.5864, 327.8019, 45.43013, 0.467127, 0.349469, 45.43013, False, Projectile, 754
865.4886, 327.6684, 45.42276, 0.4670742, 0.3493267, 45.42276, False, Projectile, 755
865.3931, 327.538, 45.41556, 0.4670227, 0.3491876, 45.41556, False, Projectile, 756
865.2996, 327.4105, 45.40853, 0.4669722, 0.3490517, 45.40853, False, Projectile, 757
865.2083, 327.2859, 45.40165, 0.466923, 0.3489189, 45.40165, False, Projectile, 758
865.119, 327.1641, 45.39494, 0.4668748, 0.348789, 45.39494, False, Projectile, 759
865.0317, 327.045, 45.38837, 0.4668277, 0.3486621, 45.38837, False, Projectile, 760
866.6072, 330.3796, 45.27791, 0.4676779, 0.352217, 45.27791, True, Projectile, 761
868.194, 333.6993, 45.17027, 0.4685343, 0.3557562, 45.17027, False, Projectile, 762
869.7919, 337.0033, 45.06545, 0.4693966, 0.3592786, 45.06545, False, Projectile, 763
871.4008, 340.2911, 44.96346, 0.4702649, 0.3627837, 44.96346, False, Projectile, 764
873.0203, 343.5618, 44.86429, 0.4711389, 0.3662705, 44.86429, False, Projectile, 765
874.6503, 346.8147, 44.76795, 0.4720185, 0.3697385, 44.76795, False, Projectile, 766
876.2905, 350.049, 44.67443, 0.4729037, 0.3731866, 44.67443, False, Projectile, 767
877.9406, 353.2641, 44.58374, 0.4737942, 0.3766142, 44.58374, False, Projectile, 768
879.6005, 356.4593, 44.49586, 0.47469, 0.3800205, 44.49586, False, Projectile, 769
881.2698, 359.6336, 44.41082, 0.4755908, 0.3834047, 44.41082, False, Projectile, 770
882.9482, 362.7866, 44.3286, 0.4764966, 0.3867661, 44.3286, False, Projectile, 771
884.6357, 365.9174, 44.24921, 0.4774073, 0.3901038, 44.24921, False, Projectile, 772
886.3317, 369.0253, 44.17263, 0.4783226, 0.3934172, 44.17263, False, Projectile, 773
888.0361, 372.1096, 44.09889, 0.4792424, 0.3967053, 44.09889, False, Projectile, 774
889.7485, 375.1696, 44.02797, 0.4801665, 0.3999676, 44.02797, False, Projectile, 775
891.4688, 378.2045, 43.95987, 0.4810948, 0.4032031, 43.95987, False, Projectile, 776
893.1965, 381.2138, 43.8946, 0.4820272, 0.4064113, 43.8946, False, Projectile, 777
894.9313, 384.1966, 43.83215, 0.4829635, 0.4095913, 43.83215, False, Projectile, 778
896.6731, 387.1523, 43.77252, 0.4839034, 0.4127423, 43.77252, False, Projectile, 779
898.4214, 390.0802, 43.71572, 0.4848469, 0.4158638, 43.71572, False, Projectile, 780
900.176, 392.9796, 43.66175, 0.4857938, 0.4189548, 43.66175, False, Projectile, 781
901.9365, 395.8499, 43.6106, 0.4867439, 0.4220149, 43.6106, False, Projectile, 782
903.7026, 398.6904, 43.56227, 0.487697, 0.4250431, 43.56227, False, Projectile, 783
905.474, 401.5005, 43.51678, 0.488653, 0.4280389, 43.51678, False, Projectile, 784
907.2504, 404.2794, 43.4741, 0.4896117, 0.4310015, 43.4741, False, Projectile, 785
909.0314, 407.0266, 43.43425, 0.4905728, 0.4339303, 43.43425, False, Projectile, 786
910.8167, 409.7415, 43.39722, 0.4915362, 0.4368246, 43.39722, False, Projectile, 787
912.6059, 412.4233, 43.36302, 0.4925018, 0.4396837, 43.36302, False, Projectile, 788
914.3988, 415.0717, 43.33164, 0.4934694, 0.4425071, 43.33164, False, Projectile, 789
916.1949, 417.6858, 43.30309, 0.4944387, 0.445294, 43.30309, False, Projectile, 790
917.994, 420.2652, 43.27736, 0.4954096, 0.4480439, 43.27736, False, Projectile, 791
919.7956, 422.8093, 43.25446, 0.4963818, 0.4507561, 43.25446, False, Projectile, 792
921.5994, 425.3175, 43.23438, 0.4973553, 0.4534302, 43.23438, False, Projectile, 793
923.4052, 427.7893, 43.21712, 0.4983298, 0.4560654, 43.21712, False, Projectile, 794
925.2124, 430.2242, 43.20268, 0.4993051, 0.4586612, 43.20268, False, Projectile, 795
927.0209, 432.6216, 43.19108, 0.5002811, 0.4612171, 43.19108, False, Projectile, 796
928.8301, 434.9811, 43.1823, 0.5012575, 0.4637325, 43.1823, False, Projectile, 797
930.6398, 437.3022, 43.17635, 0.5022341, 0.466207, 43.17635, False, Projectile, 798
932.4497, 439.5843, 43.17321, 0.5032108, 0.46864, 43.17321, False, Projectile, 799
934.2593, 441.8271, 43.1729, 0.5041874, 0.471031, 43.1729, False, Projectile, 800
936.0683, 444.0301, 43.17542, 0.5051637, 0.4733796, 43.17542, False, Projectile, 801
937.8763, 446.1928, 43.18076, 0.5061394, 0.4756853, 43.18076, False, Projectile, 802
939.683, 448.3149, 43.18893, 0.5071144, 0.4779477, 43.18893, False, Projectile, 803
941.488, 450.396, 43.19992, 0.5080885, 0.4801663, 43.19992, False, Projectile, 804
943.2911, 452.4356, 43.21373, 0.5090616, 0.4823408, 43.21373, False, Projectile, 805
945.0919, 454.4335, 43.23037, 0.5100334, 0.4844707, 43.23037, False, Projectile, 806
946.8897, 456.3893, 43.24983, 0.5110036, 0.4865558, 43.24983, False, Projectile, 807
948.6847, 458.3026, 43.27213, 0.5119723, 0.4885955, 43.27213, False, Projectile, 808
950.4761, 460.1732, 43.29723, 0.5129391, 0.4905897, 43.29723, False, Projectile, 809
952.2639, 462.0008, 43.32517, 0.5139039, 0.4925381, 43.32517, False, Projectile, 810
954.0475, 463.785, 43.35593, 0.5148664, 0.4944403, 43.35593, False, Projectile, 811
955.8267, 465.5256, 43.38952, 0.5158266, 0.496296, 43.38952, False, Projectile, 812
957.6011, 467.2225, 43.42593, 0.5167842, 0.498105, 43.42593, False, Projectile, 813
959.3704, 468.8753, 43.46517, 0.517739, 0.4998671, 43.46517, False, Projectile, 814
961.1342, 470.4839, 43.50723, 0.5186909, 0.501582, 43.50723, False, Projectile, 815
962.8923, 472.0481, 43.55212, 0.5196397, 0.5032495, 43.55212, False, Projectile, 816
964.6443, 473.5677, 43.59982, 0.5205852, 0.5048696, 43.59982, False, Projectile, 817
966.39, 475.0425, 43.65036, 0.5215272, 0.506442, 43.65036, False, Projectile, 818
968.1288, 476.4725, 43.70372, 0.5224656, 0.5079665, 43.70372, False, Projectile, 819
969.8607, 477.8575, 43.7599, 0.5234002, 0.509443, 43.7599, False, Projectile, 820
971.5851, 479.1975, 43.81891, 0.5243309, 0.5108715, 43.81891, False, Projectile, 821
973.302, 480.4922, 43.88074, 0.5252574, 0.5122519, 43.88074, False, Projectile, 822
975.0108, 481.7419, 43.9454, 0.5261796, 0.5135841, 43.9454, False, Projectile, 823
976.7115, 482.9462, 44.01288, 0.5270974, 0.514868, 44.01288, False, Projectile, 824
978.4036, 484.1053, 44.08318, 0.5280105, 0.5161037, 44.08318, False, Projectile, 825
980.0869, 485.2191, 44.15632, 0.528919, 0.5172911, 44.15632, False, Projectile, 826
981.761, 486.2876, 44.23227, 0.5298225, 0.5184302, 44.23227, False, Projectile, 827
983.4258, 487.3109, 44.31105, 0.5307209, 0.5195212, 44.31105, False, Projectile, 828
985.081, 488.2889, 44.39265, 0.5316141, 0.5205639, 44.39265, False, Projectile, 829
986.7263, 489.2219, 44.47709, 0.5325021, 0.5215585, 44.47709, False, Projectile, 830
988.3614, 490.1098, 44.56434, 0.5333844, 0.5225051, 44.56434, False, Projectile, 831
989.9861, 490.9527, 44.65442, 0.5342613, 0.5234038, 44.65442, False, Projectile, 832
991.6002, 491.7508, 44.74731, 0.5351323, 0.5242546, 44.74731, False, Projectile, 833
993.2034, 492.5042, 44.84304, 0.5359975, 0.5250578, 44.84304, False, Projectile, 834
994.7955, 493.2131, 44.9416, 0.5368567, 0.5258135, 44.9416, False, Projectile, 835
996.3762, 493.8774, 45.04297, 0.5377098, 0.5265218, 45.04297, False, Projectile, 836
997.9453, 494.4976, 45.14717, 0.5385566, 0.5271829, 45.14717, False, Projectile, 837
999.5026, 495.0737, 45.2542, 0.539397, 0.5277972, 45.2542, False, Projectile, 838
1001.048, 495.606, 45.36404, 0.540231, 0.5283646, 45.36404, False, Projectile, 839
1002.581, 496.0946, 45.47672, 0.5410584, 0.5288855, 45.47672, False, Projectile, 840
1004.102, 496.5399, 45.59222, 0.5418791, 0.5293602, 45.59222, False, Projectile, 841
1005.61, 496.942, 45.71054, 0.542693, 0.5297889, 45.71054, False, Projectile, 842
1007.106, 497.3011, 45.83169, 0.5435001, 0.5301718, 45.83169, False, Projectile, 843
1008.588, 497.6178, 45.95566, 0.5443001, 0.5305094, 45.95566, False, Projectile, 844
1010.058, 497.892, 46.08246, 0.5450932, 0.5308017, 46.08246, False, Projectile, 845
1011.514, 498.1243, 46.21208, 0.545879, 0.5310493, 46.21208, False, Projectile, 846
1012.957, 498.3148, 46.34452, 0.5466576, 0.5312524, 46.34452, False, Projectile, 847
1014.386, 498.4639, 46.4798, 0.5474289, 0.5314114, 46.4798, False, Projectile, 848
1015.801, 498.5719, 46.61789, 0.5481928, 0.5315266, 46.61789, False, Projectile, 849
1017.203, 498.6392, 46.75881, 0.5489492, 0.5315983, 46.75881, False, Projectile, 850
1018.591, 498.6662, 46.90256, 0.5496981, 0.5316271, 46.90256, False, Projectile, 851
1019.964, 498.6532, 47.04913, 0.5504394, 0.5316132, 47.04913, False, Projectile, 852
1021.323, 498.6005, 47.19852, 0.551173, 0.531557, 47.19852, False, Projectile, 853
1022.669, 498.5086, 47.35073, 0.5518988, 0.531459, 47.35073, False, Projectile, 854
1023.999, 498.3779, 47.50578, 0.552617, 0.5313197, 47.50578, False, Projectile, 855
1025.315, 498.2086, 47.66364, 0.5533272, 0.5311393, 47.66364, False, Projectile, 856
1026.617, 498.0014, 47.82433, 0.5540296, 0.5309183, 47.82433, False, Projectile, 857
1027.904, 497.7565, 47.98785, 0.554724, 0.5306573, 47.98785, False, Projectile, 858
1029.176, 497.4745, 48.15419, 0.5554106, 0.5303566, 48.15419, False, Projectile, 859
1030.433, 497.1557, 48.32336, 0.556089, 0.5300167, 48.32336, False, Projectile, 860
1031.675, 496.8005, 48.49535, 0.5567595, 0.5296381, 48.49535, False, Projectile, 861
1032.903, 496.4096, 48.67016, 0.5574219, 0.5292213, 48.67016, False, Projectile, 862
1034.115, 495.9832, 48.8478, 0.5580761, 0.5287667, 48.8478, False, Projectile, 863
1035.313, 495.5218, 49.02826, 0.5587223, 0.5282748, 49.02826, False, Projectile, 864
1036.495, 495.0259, 49.21156, 0.5593603, 0.5277462, 49.21156, False, Projectile, 865
1037.662, 494.496, 49.39766, 0.5599902, 0.5271813, 49.39766, False, Projectile, 866
1038.814, 493.9326, 49.5866, 0.5606118, 0.5265806, 49.5866, False, Projectile, 867
1039.95, 493.3361, 49.77837, 0.5612253, 0.5259447, 49.77837, False, Projectile, 868
1041.072, 492.707, 49.97295, 0.5618306, 0.525274, 49.97295, False, Projectile, 869
1042.178, 492.0458, 50.17036, 0.5624276, 0.5245691, 50.17036, False, Projectile, 870
1043.27, 491.353, 50.37059, 0.5630165, 0.5238305, 50.37059, False, Projectile, 871
1044.345, 490.629, 50.57365, 0.563597, 0.5230587, 50.57365, False, Projectile, 872
1045.406, 489.8745, 50.77954, 0.5641695, 0.5222542, 50.77954, False, Projectile, 873
1046.452, 489.0897, 50.98825, 0.5647337, 0.5214176, 50.98825, False, Projectile, 874
1047.482, 488.2754, 51.19978, 0.5652897, 0.5205494, 51.19978, False, Projectile, 875
1048.497, 487.4319, 51.41414, 0.5658376, 0.5196502, 51.41414, False, Projectile, 876
1049.497, 486.5598, 51.63132, 0.5663771, 0.5187204, 51.63132, False, Projectile, 877
1050.482, 485.6595, 51.85133, 0.5669087, 0.5177606, 51.85133, False, Projectile, 878
1051.451, 484.7316, 52.07417, 0.567432, 0.5167714, 52.07417, False, Projectile, 879
1052.406, 483.7766, 52.29982, 0.5679471, 0.5157533, 52.29982, False, Projectile, 880
1053.346, 482.795, 52.5283, 0.5684541, 0.5147068, 52.5283, False, Projectile, 881
1054.27, 481.7872, 52.75961, 0.5689531, 0.5136324, 52.75961, False, Projectile, 882
1055.18, 480.7538, 52.99374, 0.5694441, 0.5125307, 52.99374, False, Projectile, 883
1056.075, 479.6954, 53.23069, 0.569927, 0.5114023, 53.23069, False, Projectile, 884
1056.955, 478.6122, 53.47047, 0.5704019, 0.5102476, 53.47047, False, Projectile, 885
1057.82, 477.505, 53.71307, 0.5708688, 0.5090672, 53.71307, False, Projectile, 886
1058.671, 476.3742, 53.9585, 0.5713279, 0.5078616, 53.9585, False, Projectile, 887
1059.506, 475.2203, 54.20675, 0.571779, 0.5066314, 54.20675, False, Projectile, 888
1060.328, 474.0437, 54.45783, 0.5722222, 0.5053771, 54.45783, False, Projectile, 889
1061.135, 472.845, 54.71173, 0.5726576, 0.5040992, 54.71173, False, Projectile, 890
1061.927, 471.6247, 54.96846, 0.5730853, 0.5027982, 54.96846, False, Projectile, 891
1062.705, 470.3832, 55.22801, 0.5735052, 0.5014747, 55.22801, False, Projectile, 892
1063.546, 472.1042, 55.14754, 0.5739589, 0.5033094, 55.14754, False, Projectile, 893
1064.125, 472.7502, 55.15593, 0.5742717, 0.503998, 55.15593, False, Projectile, 894
1064.653, 473.1806, 55.18214, 0.5745564, 0.5044569, 55.18214, False, Projectile, 895
1065.161, 473.5613, 55.21141, 0.5748304, 0.5048628, 55.21141, False, Projectile, 896
1065.655, 473.925, 55.24073, 0.5750972, 0.5052505, 55.24073, False, Projectile, 897
1066.137, 474.2784, 55.26952, 0.5753574, 0.5056273, 55.26952, False, Projectile, 898
1066.608, 474.6231, 55.29769, 0.5756115, 0.5059947, 55.29769, False, Projectile, 899
1067.068, 474.9595, 55.32522, 0.5758594, 0.5063534, 55.32522, False, Projectile, 900
1067.516, 475.2878, 55.35212, 0.5761015, 0.5067034, 55.35212, False, Projectile, 901
1067.954, 475.6084, 55.37841, 0.5763378, 0.5070452, 55.37841, False, Projectile, 902
1068.381, 475.9213, 55.40409, 0.5765685, 0.5073788, 55.40409, False, Projectile, 903
1068.799, 476.2268, 55.42919, 0.5767936, 0.5077045, 55.42919, False, Projectile, 904
1069.206, 476.525, 55.45372, 0.5770134, 0.5080224, 55.45372, False, Projectile, 905
1069.604, 476.8162, 55.47768, 0.5772281, 0.5083328, 55.47768, False, Projectile, 906
1069.992, 477.1005, 55.5011, 0.5774376, 0.5086359, 55.5011, False, Projectile, 907
1070.371, 477.3781, 55.52398, 0.5776422, 0.5089318, 55.52398, False, Projectile, 908
1070.741, 477.649, 55.54634, 0.577842, 0.5092207, 55.54634, False, Projectile, 909
1071.103, 477.9136, 55.56819, 0.5780371, 0.5095028, 55.56819, False, Projectile, 910
1071.455, 478.172, 55.58954, 0.5782274, 0.5097782, 55.58954, False, Projectile, 911
1071.8, 478.4242, 55.6104, 0.5784134, 0.5100471, 55.6104, False, Projectile, 912
1072.136, 478.6705, 55.63078, 0.5785949, 0.5103097, 55.63078, False, Projectile, 913
1072.465, 478.9109, 55.6507, 0.5787722, 0.5105661, 55.6507, False, Projectile, 914
1072.786, 479.1458, 55.67017, 0.5789453, 0.5108164, 55.67017, False, Projectile, 915
1073.099, 479.3751, 55.68918, 0.5791143, 0.5110608, 55.68918, False, Projectile, 916
1073.405, 479.599, 55.70776, 0.5792793, 0.5112996, 55.70776, False, Projectile, 917
1073.703, 479.8176, 55.72592, 0.5794405, 0.5115327, 55.72592, False, Projectile, 918
1073.995, 480.0312, 55.74367, 0.5795979, 0.5117603, 55.74367, False, Projectile, 919
1074.28, 480.2397, 55.761, 0.5797516, 0.5119826, 55.761, False, Projectile, 920
1074.558, 480.4433, 55.77795, 0.5799017, 0.5121996, 55.77795, False, Projectile, 921
1074.829, 480.6421, 55.7945, 0.5800483, 0.5124116, 55.7945, False, Projectile, 922
1075.095, 480.8362, 55.81068, 0.5801914, 0.5126186, 55.81068, False, Projectile, 923
1075.354, 481.0259, 55.82648, 0.5803311, 0.5128208, 55.82648, False, Projectile, 924
1075.607, 481.2111, 55.84193, 0.5804677, 0.5130182, 55.84193, False, Projectile, 925
1075.854, 481.3919, 55.85702, 0.580601, 0.513211, 55.85702, False, Projectile, 926
1076.095, 481.5686, 55.87177, 0.5807312, 0.5133994, 55.87177, False, Projectile, 927
1076.331, 481.7411, 55.88618, 0.5808583, 0.5135832, 55.88618, False, Projectile, 928
1076.561, 481.9095, 55.90026, 0.5809826, 0.5137628, 55.90026, False, Projectile, 929
1076.785, 482.0741, 55.91402, 0.5811039, 0.5139383, 55.91402, False, Projectile, 930
1077.005, 482.2348, 55.92747, 0.5812223, 0.5141096, 55.92747, False, Projectile, 931
1077.219, 482.3918, 55.9406, 0.581338, 0.5142769, 55.9406, False, Projectile, 932
1077.429, 482.545, 55.95344, 0.581451, 0.5144404, 55.95344, False, Projectile, 933
1077.633, 482.6948, 55.96598, 0.5815614, 0.5146, 55.96598, False, Projectile, 934
1077.833, 482.841, 55.97824, 0.5816692, 0.5147559, 55.97824, False, Projectile, 935
1078.028, 482.9839, 55.99022, 0.5817745, 0.5149082, 55.99022, False, Projectile, 936
1078.219, 483.1234, 56.00192, 0.5818773, 0.5150569, 56.00192, False, Projectile, 937
1078.405, 483.2597, 56.01336, 0.5819778, 0.5152022, 56.01336, False, Projectile, 938
1078.587, 483.3928, 56.02453, 0.5820758, 0.5153441, 56.02453, False, Projectile, 939
1078.764, 483.5228, 56.03545, 0.5821717, 0.5154827, 56.03545, False, Projectile, 940
1078.938, 483.6497, 56.04612, 0.5822653, 0.5156181, 56.04612, False, Projectile, 941
1079.107, 483.7738, 56.05654, 0.5823567, 0.5157503, 56.05654, False, Projectile, 942
1079.272, 483.895, 56.06673, 0.582446, 0.5158795, 56.06673, False, Projectile, 943
1079.434, 484.0133, 56.07668, 0.5825332, 0.5160056, 56.07668, False, Projectile, 944
1079.592, 484.1289, 56.08641, 0.5826185, 0.5161289, 56.08641, False, Projectile, 945
1079.746, 484.2419, 56.09592, 0.5827017, 0.5162493, 56.09592, False, Projectile, 946
1079.897, 484.3521, 56.1052, 0.582783, 0.5163669, 56.1052, False, Projectile, 947
1080.044, 484.4598, 56.11427, 0.5828624, 0.5164817, 56.11427, False, Projectile, 948
1080.188, 484.5651, 56.12314, 0.58294, 0.5165939, 56.12314, False, Projectile, 949
1080.328, 484.6678, 56.1318, 0.5830157, 0.5167034, 56.1318, False, Projectile, 950
1080.465, 484.7682, 56.14027, 0.5830898, 0.5168105, 56.14027, False, Projectile, 951
1080.599, 484.8663, 56.14854, 0.583162, 0.516915, 56.14854, False, Projectile, 952
1080.73, 484.9621, 56.15662, 0.5832327, 0.5170172, 56.15662, False, Projectile, 953
1080.858, 485.0557, 56.16452, 0.5833017, 0.517117, 56.16452, False, Projectile, 954
1080.983, 485.1471, 56.17223, 0.5833691, 0.5172144, 56.17223, False, Projectile, 955
1081.105, 485.2364, 56.17977, 0.5834349, 0.5173096, 56.17977, False, Projectile, 956
1081.224, 485.3237, 56.18714, 0.5834992, 0.5174026, 56.18714, False, Projectile, 957
1081.34, 485.4089, 56.19434, 0.583562, 0.5174935, 56.19434, False, Projectile, 958
1081.454, 485.4922, 56.20137, 0.5836234, 0.5175823, 56.20137, False, Projectile, 959
1081.565, 485.5735, 56.20824, 0.5836833, 0.517669, 56.20824, False, Projectile, 960
1081.674, 485.653, 56.21497, 0.5837419, 0.5177537, 56.21497, False, Projectile, 961
1081.78, 485.7306, 56.22153, 0.5837991, 0.5178365, 56.22153, False, Projectile, 962
1081.883, 485.8064, 56.22794, 0.583855, 0.5179173, 56.22794, False, Projectile, 963
1081.984, 485.8805, 56.23421, 0.5839096, 0.5179963, 56.23421, False, Projectile, 964
1082.083, 485.9529, 56.24033, 0.583963, 0.5180734, 56.24033, False, Projectile, 965
1082.18, 486.0236, 56.24631, 0.5840151, 0.5181488, 56.24631, False, Projectile, 966
1082.274, 486.0927, 56.25216, 0.584066, 0.5182225, 56.25216, False, Projectile, 967
1082.366, 486.1601, 56.25787, 0.5841157, 0.5182943, 56.25787, False, Projectile, 968
1082.457, 486.226, 56.26345, 0.5841644, 0.5183647, 56.26345, False, Projectile, 969
1082.545, 486.2904, 56.26891, 0.5842118, 0.5184333, 56.26891, False, Projectile, 970
1082.63, 486.3534, 56.27424, 0.5842582, 0.5185004, 56.27424, False, Projectile, 971
1082.714, 486.4148, 56.27945, 0.5843035, 0.5185659, 56.27945, False, Projectile, 972
1082.796, 486.4749, 56.28454, 0.5843477, 0.5186299, 56.28454, False, Projectile, 973
1082.876, 486.5336, 56.28951, 0.584391, 0.5186925, 56.28951, False, Projectile, 974
1082.144, 488.4273, 56.04593, 0.5839955, 0.5207114, 56.04593, True, Projectile, 975
1081.397, 490.3045, 55.80518, 0.5835924, 0.5227126, 55.80518, False, Projectile, 976
1080.635, 492.1645, 55.56726, 0.5831814, 0.5246956, 55.56726, False, Projectile, 977
1079.859, 494.0069, 55.33216, 0.5827628, 0.5266598, 55.33216, False, Projectile, 978
1079.069, 495.8311, 55.09988, 0.5823364, 0.5286046, 55.09988, False, Projectile, 979
1078.265, 497.6367, 54.87043, 0.5819021, 0.5305296, 54.87043, False, Projectile, 980
1077.445, 499.4231, 54.64381, 0.5814599, 0.532434, 54.64381, False, Projectile, 981
1076.611, 501.1898, 54.42, 0.58101, 0.5343175, 54.42, False, Projectile, 982
1075.763, 502.9363, 54.19902, 0.580552, 0.5361794, 54.19902, False, Projectile, 983
1074.9, 504.6621, 53.98087, 0.5800861, 0.5380193, 53.98087, False, Projectile, 984
1074.021, 506.3666, 53.76554, 0.5796123, 0.5398365, 53.76554, False, Projectile, 985
1073.129, 508.0493, 53.55304, 0.5791305, 0.5416304, 53.55304, False, Projectile, 986
1072.221, 509.7097, 53.34335, 0.5786406, 0.5434005, 53.34335, False, Projectile, 987
1071.299, 511.3473, 53.1365, 0.5781428, 0.5451463, 53.1365, False, Projectile, 988
1070.361, 512.9614, 52.93247, 0.5776369, 0.5468672, 52.93247, False, Projectile, 989
1069.409, 514.5517, 52.73126, 0.577123, 0.5485626, 52.73126, False, Projectile, 990
1068.442, 516.1176, 52.53288, 0.576601, 0.5502319, 52.53288, False, Projectile, 991
1067.459, 517.6584, 52.33733, 0.576071, 0.5518747, 52.33733, False, Projectile, 992
1066.462, 519.1738, 52.14459, 0.5755328, 0.5534902, 52.14459, False, Projectile, 993
1065.45, 520.6632, 51.95469, 0.5749866, 0.555078, 51.95469, False, Projectile, 994
1064.423, 522.126, 51.7676, 0.5744324, 0.5566375, 51.7676, False, Projectile, 995
1063.381, 523.5617, 51.58334, 0.5738701, 0.5581681, 51.58334, False, Projectile, 996
1062.324, 524.9698, 51.40191, 0.5732997, 0.5596693, 51.40191, False, Projectile, 997
1061.252, 526.3497, 51.2233, 0.5727212, 0.5611404, 51.2233, False, Projectile, 998
1060.166, 527.701, 51.04752, 0.5721348, 0.5625811, 51.04752, False, Projectile, 999
1059.064, 529.0231, 50.87455, 0.5715403, 0.5639905, 50.87455, False, Projectile, 1000
1057.948, 530.3155, 50.70442, 0.5709378, 0.5653684, 50.70442, False, Projectile, 1001
1056.817, 531.5776, 50.53711, 0.5703273, 0.5667139, 50.53711, False, Projectile, 1002
1055.671, 532.8091, 50.37262, 0.5697089, 0.5680267, 50.37262, False, Projectile, 1003
1054.51, 534.0093, 50.21096, 0.5690825, 0.5693063, 50.21096, False, Projectile, 1004
1053.334, 535.1777, 50.05212, 0.5684482, 0.5705519, 50.05212, False, Projectile, 1005
1052.145, 536.3138, 49.89611, 0.567806, 0.5717632, 49.89611, False, Projectile, 1006
1050.94, 537.4172, 49.74292, 0.567156, 0.5729395, 49.74292, False, Projectile, 1007
1049.721, 538.4874, 49.59256, 0.5664982, 0.5740804, 49.59256, False, Projectile, 1008
1048.488, 539.5239, 49.44501, 0.5658326, 0.5751854, 49.44501, False, Projectile, 1009
1047.24, 540.5261, 49.3003, 0.5651593, 0.5762538, 49.3003, False, Projectile, 1010
1045.978, 541.4936, 49.15841, 0.5644783, 0.5772853, 49.15841, False, Projectile, 1011
1044.702, 542.426, 49.01935, 0.5637897, 0.5782793, 49.01935, False, Projectile, 1012
1043.412, 543.3228, 48.88311, 0.5630935, 0.5792354, 48.88311, False, Projectile, 1013
1042.108, 544.1835, 48.74969, 0.5623899, 0.5801529, 48.74969, False, Projectile, 1014
1040.791, 545.0076, 48.6191, 0.5616788, 0.5810316, 48.6191, False, Projectile, 1015
1039.459, 545.7948, 48.49133, 0.5609603, 0.5818708, 48.49133, False, Projectile, 1016
1038.115, 546.5446, 48.36639, 0.5602345, 0.5826702, 48.36639, False, Projectile, 1017
1036.756, 547.2566, 48.24427, 0.5595014, 0.5834292, 48.24427, False, Projectile, 1018
1035.385, 547.9304, 48.12497, 0.5587612, 0.5841476, 48.12497, False, Projectile, 1019
1034, 548.5656, 48.00851, 0.5580139, 0.5848247, 48.00851, False, Projectile, 1020
1032.602, 549.1617, 47.89486, 0.5572596, 0.5854602, 47.89486, False, Projectile, 1021
1031.191, 549.7184, 47.78404, 0.5564983, 0.5860537, 47.78404, False, Projectile, 1022
1029.768, 550.2354, 47.67605, 0.5557302, 0.5866048, 47.67605, False, Projectile, 1023
1028.332, 550.7121, 47.57088, 0.5549554, 0.5871131, 47.57088, False, Projectile, 1024
1026.884, 551.1484, 47.46853, 0.5541738, 0.5875783, 47.46853, False, Projectile, 1025
1025.424, 551.5439, 47.369, 0.5533859, 0.5879999, 47.369, False, Projectile, 1026
1023.952, 551.8982, 47.27231, 0.5525913, 0.5883776, 47.27231, False, Projectile, 1027
1022.468, 552.2111, 47.17844, 0.5517905, 0.5887111, 47.17844, False, Projectile, 1028
1020.972, 552.4821, 47.08739, 0.5509833, 0.589, 47.08739, False, Projectile, 1029
1019.465, 552.711, 46.99916, 0.5501701, 0.5892441, 46.99916, False, Projectile, 1030
1017.947, 552.8976, 46.91376, 0.5493507, 0.5894431, 46.91376, False, Projectile, 1031
1016.418, 553.0416, 46.83119, 0.5485255, 0.5895966, 46.83119, False, Projectile, 1032
1014.878, 553.1426, 46.75144, 0.5476945, 0.5897043, 46.75144, False, Projectile, 1033
1013.328, 553.2006, 46.67451, 0.5468578, 0.5897661, 46.67451, False, Projectile, 1034
1011.767, 553.2153, 46.60041, 0.5460156, 0.5897818, 46.60041, False, Projectile, 1035
1010.196, 553.1865, 46.52914, 0.5451679, 0.589751, 46.52914, False, Projectile, 1036
1008.616, 553.1138, 46.46069, 0.544315, 0.5896736, 46.46069, False, Projectile, 1037
1007.026, 552.9973, 46.39506, 0.5434569, 0.5895493, 46.39506, False, Projectile, 1038
1005.426, 552.8366, 46.33226, 0.5425937, 0.5893781, 46.33226, False, Projectile, 1039
1003.818, 552.6317, 46.27228, 0.5417256, 0.5891596, 46.27228, False, Projectile, 1040
1002.2, 552.3824, 46.21513, 0.5408528, 0.5888939, 46.21513, False, Projectile, 1041
1000.575, 552.0887, 46.1608, 0.5399755, 0.5885807, 46.1608, False, Projectile, 1042
998.9404, 551.7504, 46.10929, 0.5390936, 0.5882201, 46.10929, False, Projectile, 1043
997.2983, 551.3674, 46.06061, 0.5382074, 0.5878117, 46.06061, False, Projectile, 1044
995.6485, 550.9396, 46.01476, 0.537317, 0.5873557, 46.01476, False, Projectile, 1045
993.9912, 550.467, 45.97173, 0.5364227, 0.5868518, 45.97173, False, Projectile, 1046
992.3269, 549.9496, 45.93152, 0.5355245, 0.5863003, 45.93152, False, Projectile, 1047
990.6556, 549.3873, 45.89413, 0.5346226, 0.5857008, 45.89413, False, Projectile, 1048
988.9778, 548.7802, 45.85958, 0.5337171, 0.5850534, 45.85958, False, Projectile, 1049
987.2937, 548.1281, 45.82785, 0.5328082, 0.5843583, 45.82785, False, Projectile, 1050
985.6035, 547.4313, 45.79894, 0.5318961, 0.5836154, 45.79894, False, Projectile, 1051
983.9078, 546.6896, 45.77286, 0.530981, 0.5828247, 45.77286, False, Projectile, 1052
982.2066, 545.9032, 45.7496, 0.5300629, 0.5819864, 45.7496, False, Projectile, 1053
980.5004, 545.0722, 45.72916, 0.5291421, 0.5811004, 45.72916, False, Projectile, 1054
978.7894, 544.1966, 45.71156, 0.5282188, 0.5801669, 45.71156, False, Projectile, 1055
977.074, 543.2766, 45.69677, 0.527293, 0.5791861, 45.69677, False, Projectile, 1056
975.3546, 542.3121, 45.68481, 0.5263651, 0.5781579, 45.68481, False, Projectile, 1057
973.6311, 541.3036, 45.67567, 0.525435, 0.5770828, 45.67567, False, Projectile, 1058
971.9042, 540.251, 45.66936, 0.5245031, 0.5759606, 45.66936, False, Projectile, 1059
970.1742, 539.1547, 45.66587, 0.5235695, 0.5747917, 45.66587, False, Projectile, 1060
968.4413, 538.0146, 45.66521, 0.5226343, 0.5735763, 45.66521, False, Projectile, 1061
966.7059, 536.8311, 45.66737, 0.5216978, 0.5723146, 45.66737, False, Projectile, 1062
964.9683, 535.6044, 45.67236, 0.52076, 0.5710068, 45.67236, False, Projectile, 1063
963.2288, 534.3347, 45.68017, 0.5198212, 0.5696532, 45.68017, False, Projectile, 1064
961.4876, 533.0223, 45.6908, 0.5188816, 0.5682541, 45.6908, False, Projectile, 1065
959.7452, 531.6675, 45.70427, 0.5179413, 0.5668098, 45.70427, False, Projectile, 1066
958.002, 530.2705, 45.72055, 0.5170006, 0.5653204, 45.72055, False, Projectile, 1067
956.2582, 528.8317, 45.73966, 0.5160595, 0.5637865, 45.73966, False, Projectile, 1068
954.514, 527.3514, 45.7616, 0.5151182, 0.5622083, 45.7616, False, Projectile, 1069
952.7699, 525.8298, 45.78635, 0.514177, 0.5605862, 45.78635, False, Projectile, 1070
951.0262, 524.2675, 45.81394, 0.5132359, 0.5589205, 45.81394, False, Projectile, 1071
949.2832, 522.6646, 45.84435, 0.5122953, 0.5572117, 45.84435, False, Projectile, 1072
947.5411, 521.0216, 45.87757, 0.5113552, 0.5554602, 45.87757, False, Projectile, 1073
945.8005, 519.3389, 45.91363, 0.5104158, 0.5536662, 45.91363, False, Projectile, 1074
944.0615, 517.6169, 45.95251, 0.5094773, 0.5518304, 45.95251, False, Projectile, 1075
942.3243, 515.856, 45.99422, 0.5085399, 0.5499531, 45.99422, False, Projectile, 1076
940.5897, 514.0567, 46.03875, 0.5076037, 0.5480348, 46.03875, False, Projectile, 1077
938.8574, 512.2193, 46.08611, 0.5066689, 0.546076, 46.08611, False, Projectile, 1078
937.1281, 510.3443, 46.13628, 0.5057356, 0.5440771, 46.13628, False, Projectile, 1079
935.4022, 508.4323, 46.18929, 0.5048042, 0.5420387, 46.18929, False, Projectile, 1080
933.6796, 506.4836, 46.24512, 0.5038746, 0.5399612, 46.24512, False, Projectile, 1081
931.9609, 504.4988, 46.30377, 0.502947, 0.5378452, 46.30377, False, Projectile, 1082
930.2463, 502.4783, 46.36525, 0.5020217, 0.5356911, 46.36525, False, Projectile, 1083
928.5361, 500.4227, 46.42955, 0.5010988, 0.5334997, 46.42955, False, Projectile, 1084
926.8307, 498.3326, 46.49668, 0.5001785, 0.5312714, 46.49668, False, Projectile, 1085
925.1302, 496.2083, 46.56663, 0.4992608, 0.5290067, 46.56663, False, Projectile, 1086
923.435, 494.0505, 46.6394, 0.4983459, 0.5267063, 46.6394, False, Projectile, 1087
921.7454, 491.8597, 46.71501, 0.4974341, 0.5243707, 46.71501, False, Projectile, 1088
920.0616, 489.6365, 46.79343, 0.4965254, 0.5220006, 46.79343, False, Projectile, 1089
918.3839, 487.3815, 46.87468, 0.49562, 0.5195965, 46.87468, False, Projectile, 1090
916.7127, 485.0951, 46.95876, 0.4947181, 0.5171589, 46.95876, False, Projectile, 1091
915.0482, 482.778, 47.04565, 0.4938198, 0.5146887, 47.04565, False, Projectile, 1092
913.3904, 480.4308, 47.13538, 0.4929252, 0.5121863, 47.13538, False, Projectile, 1093
911.74, 478.054, 47.22793, 0.4920345, 0.5096525, 47.22793, False, Projectile, 1094
910.097, 475.6484, 47.3233, 0.4911478, 0.5070878, 47.3233, False, Projectile, 1095
908.4615, 473.2143, 47.42149, 0.4902653, 0.5044929, 47.42149, False, Projectile, 1096
906.8342, 470.7526, 47.52251, 0.489387, 0.5018684, 47.52251, False, Projectile, 1097
905.2149, 468.2638, 47.62637, 0.4885132, 0.4992151, 47.62637, False, Projectile, 1098
903.604, 465.7484, 47.73303, 0.4876438, 0.4965335, 47.73303, False, Projectile, 1099
902.0018, 463.2072, 47.84253, 0.4867792, 0.4938244, 47.84253, False, Projectile, 1100
900.4084, 460.6408, 47.95485, 0.4859193, 0.4910883, 47.95485, False, Projectile, 1101
898.8241, 458.0497, 48.06999, 0.4850643, 0.488326, 48.06999, False, Projectile, 1102
897.249, 455.4347, 48.18797, 0.4842142, 0.4855381, 48.18797, False, Projectile, 1103
895.6836, 452.7964, 48.30876, 0.4833694, 0.4827253, 48.30876, False, Projectile, 1104
894.1277, 450.1353, 48.43237, 0.4825298, 0.4798883, 48.43237, False, Projectile, 1105
892.5818, 447.4521, 48.55882, 0.4816955, 0.4770278, 48.55882, False, Projectile, 1106
891.046, 444.7475, 48.68808, 0.4808667, 0.4741445, 48.68808, False, Projectile, 1107
889.5204, 442.0222, 48.82018, 0.4800434, 0.471239, 48.82018, False, Projectile, 1108
888.0052, 439.2766, 48.95509, 0.4792257, 0.468312, 48.95509, False, Projectile, 1109
886.5007, 436.5116, 49.09283, 0.4784138, 0.4653642, 49.09283, False, Projectile, 1110
885.0071, 433.7277, 49.2334, 0.4776077, 0.4623963, 49.2334, False, Projectile, 1111
883.5244, 430.9256, 49.37679, 0.4768075, 0.4594089, 49.37679, False, Projectile, 1112
882.0527, 428.1058, 49.523, 0.4760134, 0.4564028, 49.523, False, Projectile, 1113
880.5924, 425.2691, 49.67204, 0.4752253, 0.4533786, 49.67204, False, Projectile, 1114
879.1435, 422.4161, 49.82391, 0.4744433, 0.450337, 49.82391, False, Projectile, 1115
877.7062, 419.5474, 49.9786, 0.4736677, 0.4472787, 49.9786, False, Projectile, 1116
876.2805, 416.6636, 50.13611, 0.4728983, 0.4442043, 50.13611, False, Projectile, 1117
874.8667, 413.7654, 50.29644, 0.4721353, 0.4411145, 50.29644, False, Projectile, 1118
873.4648, 410.8534, 50.45961, 0.4713788, 0.43801, 50.45961, False, Projectile, 1119
872.0751, 407.9282, 50.6256, 0.4706287, 0.4348915, 50.6256, False, Projectile, 1120
871.3061, 409.2066, 50.47732, 0.4702138, 0.4362544, 50.47732, False, Projectile, 1121
870.6304, 409.2736, 50.43476, 0.4698491, 0.4363258, 50.43476, False, Projectile, 1122
869.9769, 409.0985, 50.41344, 0.4694965, 0.4361392, 50.41344, False, Projectile, 1123
869.3397, 408.8793, 50.39665, 0.4691526, 0.4359055, 50.39665, False, Projectile, 1124
868.717, 408.6554, 50.38107, 0.4688165, 0.4356668, 50.38107, False, Projectile, 1125
868.1083, 408.4346, 50.366, 0.468488, 0.4354313, 50.366, False, Projectile, 1126
867.5131, 408.2183, 50.35131, 0.4681668, 0.4352007, 50.35131, False, Projectile, 1127
866.9312, 408.0067, 50.33696, 0.4678528, 0.4349751, 50.33696, False, Projectile, 1128
866.3623, 407.7998, 50.32294, 0.4675458, 0.4347546, 50.32294, False, Projectile, 1129
865.8061, 407.5975, 50.30924, 0.4672456, 0.4345389, 50.30924, False, Projectile, 1130
865.2623, 407.3998, 50.29585, 0.4669521, 0.4343281, 50.29585, False, Projectile, 1131
864.7307, 407.2064, 50.28278, 0.4666652, 0.434122, 50.28278, False, Projectile, 1132
864.2109, 407.0174, 50.26999, 0.4663847, 0.4339205, 50.26999, False, Projectile, 1133
863.7028, 406.8326, 50.2575, 0.4661105, 0.4337235, 50.2575, False, Projectile, 1134
863.206, 406.652, 50.2453, 0.4658424, 0.4335309, 50.2453, False, Projectile, 1135
862.7204, 406.4754, 50.23338, 0.4655803, 0.4333426, 50.23338, False, Projectile, 1136
862.2456, 406.3027, 50.22172, 0.4653241, 0.4331586, 50.22172, False, Projectile, 1137
861.7815, 406.134, 50.21033, 0.4650737, 0.4329787, 50.21033, False, Projectile, 1138
861.3278, 405.969, 50.19921, 0.4648288, 0.4328028, 50.19921, False, Projectile, 1139
860.8842, 405.8077, 50.18834, 0.4645894, 0.4326308, 50.18834, False, Projectile, 1140
860.4506, 405.65, 50.17772, 0.4643554, 0.4324627, 50.17772, False, Projectile, 1141
860.0267, 405.4958, 50.16734, 0.4641267, 0.4322983, 50.16734, False, Projectile, 1142
859.6124, 405.3452, 50.15719, 0.4639031, 0.4321377, 50.15719, False, Projectile, 1143
859.2074, 405.1979, 50.14728, 0.4636845, 0.4319807, 50.14728, False, Projectile, 1144
858.8114, 405.0539, 50.1376, 0.4634708, 0.4318272, 50.1376, False, Projectile, 1145
858.4244, 404.9132, 50.12814, 0.4632619, 0.4316772, 50.12814, False, Projectile, 1146
858.046, 404.7756, 50.11889, 0.4630578, 0.4315305, 50.11889, False, Projectile, 1147
857.6763, 404.6411, 50.10985, 0.4628582, 0.4313871, 50.10985, False, Projectile, 1148
857.3148, 404.5097, 50.10102, 0.4626631, 0.431247, 50.10102, False, Projectile, 1149
856.9614, 404.3812, 50.0924, 0.4624724, 0.43111, 50.0924, False, Projectile, 1150
